"lessonNumber","lessonKey","unitIndex","syllabusId","unitHeading","leadVisualType","leadVisualTitle","leadVisualRole","coreExplanationRole","methodTitle","methodRole","workedExampleTitle","workedExampleRole","practiceQuestionIds","commandWords","duplicateFindings","repairStatus"
"001","S1-L01","1","S1.01","Binary and decimal prefixes use different scales","reviewed-visual","The storage ladder","Establish the concept, process, comparison or relationship before prose explanation.","Explain the concept, mechanism and causal relationships once.","","Not required.","","Not required.","V3-Q-L001-01 | V3-Q-L001-02 | V3-Q-L001-03","State | Calculate | Draw","none","PASS"
"002","S1-L02","1","S1.02","Bases and signed representations answer different questions","reviewed-visual","Three ways to represent negative binary values","Establish the concept, process, comparison or relationship before prose explanation.","Explain the concept, mechanism and causal relationships once.","","Not required.","","Not required.","V3-Q-L002-01 | V3-Q-L002-02 | V3-Q-L002-03 | V3-002-S1.02-CHECK","Calculate | Explain","none","PASS"
"002","S1-L02","2","S1.03","Choose the conversion method from the target","reviewed-visual","Two conversion directions, two reliable methods","Establish the concept, process, comparison or relationship before prose explanation.","Explain the concept, mechanism and causal relationships once.","","Not required.","","Not required.","V3-Q-L002-01 | V3-002-S1.03-CHECK","Calculate | Explain","none","PASS"
"003","S1-L03","1","S1.04","Signed arithmetic keeps one fixed-width bit pattern","reviewed-visual","8-bit addition method","Establish the concept, process, comparison or relationship before prose explanation.","Explain the concept, mechanism and causal relationships once.","","Not required.","","Not required.","V3-Q-L003-02 | V3-Q-L003-03","State | Calculate","none","PASS"
"003","S1-L03","2","S1.05","Overflow means the true result does not fit","reviewed-visual","Unsigned 8-bit overflow","Establish the concept, process, comparison or relationship before prose explanation.","Explain the concept, mechanism and causal relationships once.","","Not required.","","Not required.","V3-Q-L003-01 | V3-Q-L003-02 | V3-Q-L003-03","Explain | State | Calculate","none","PASS"
"004","S1-L04","1","S1.06","BCD and hexadecimal suit different real uses","table","Visual overview · BCD and hexadecimal suit different real uses","Establish the concept, process, comparison or relationship before prose explanation.","Explain the concept, mechanism and causal relationships once.","","Not required.","","Not required.","V3-Q-L004-01 | V3-Q-L004-02 | V3-Q-L004-03","Explain | State","none","PASS"
"004","S1-L04","2","S1.07","Character sets map symbols to binary codes","reviewed-visual","ASCII and extended ASCII","Establish the concept, process, comparison or relationship before prose explanation.","Explain the concept, mechanism and causal relationships once.","","Not required.","","Not required.","V3-Q-L004-01 | V3-Q-L004-02 | V3-Q-L004-03","Explain | State","none","PASS"
"005","S1-L05","1","S1.08","A bitmap stores metadata plus a grid of pixels","reviewed-visual","Colour depth: bits per pixel","Establish the concept, process, comparison or relationship before prose explanation.","Explain the concept, mechanism and causal relationships once.","","Not required.","","Not required.","V3-Q-L005-01 | V3-Q-L005-02 | V3-Q-L005-03 | V3-005-S1.08-CHECK","Explain | Calculate | Identify | Compare","none","PASS"
"005","S1-L05","2","S1.09","A vector file stores drawing instructions","reviewed-visual","Vector drawing list: objects, properties and redrawing","Establish the concept, process, comparison or relationship before prose explanation.","Explain the concept, mechanism and causal relationships once.","","Not required.","Read and scale a vector drawing list","Apply the concept to concrete data, state, code or a scenario.","V3-Q-L005-01 | V3-Q-L005-03 | V3-005-S1.09-CHECK","Explain | Identify | Justify","none","PASS"
"006","S1-L06","1","S1.10","Sampling measures a wave at discrete moments","reviewed-visual","Sampling rate: samples per second","Establish the concept, process, comparison or relationship before prose explanation.","Explain the concept, mechanism and causal relationships once.","Sound sampling process","Carry out a genuine calculation, algorithm, operation or physical process.","Separate the two quality controls","Apply the concept to concrete data, state, code or a scenario.","V3-Q-L006-02","Explain","none","PASS"
"006","S1-L06","2","S1.11","Compression removes or rewrites repeated information","reviewed-visual","Lossless compression: exact reconstruction","Establish the concept, process, comparison or relationship before prose explanation.","Explain the concept, mechanism and causal relationships once.","","Not required.","Encode and decode a run-length sequence","Apply the concept to concrete data, state, code or a scenario.","V3-Q-L006-01 | V3-Q-L006-03 | V3-006-S1.11-CHECK","Describe | Give | Explain","none","PASS"
"007","S2-L01","1","S2.01+S2.02+S2.03","Networking creates shared access; LAN and WAN describe scope","table","LAN and WAN: describe scope before performance","Establish the concept, process, comparison or relationship before prose explanation.","Explain the concept, mechanism and causal relationships once.","","Not required.","","Not required.","S2-L01-Q1 | S2-L01-Q2","State | Explain","none","PASS"
"007","S2-L01","2","S2.01+S2.02+S2.03","Network models describe who requests and who provides","flow","Client-server request cycle","Establish the concept, process, comparison or relationship before prose explanation.","Explain the concept, mechanism and causal relationships once.","Peer-to-peer exchange","Carry out a genuine calculation, algorithm, operation or physical process.","","Not required.","S2-L01-Q2","Explain","none","PASS"
"007","S2-L01","3","S2.01+S2.02+S2.03","Thin and thick describe where the client work happens","table","Where processing, storage and maintenance sit","Establish the concept, process, comparison or relationship before prose explanation.","Explain the concept, mechanism and causal relationships once.","","Not required.","","Not required.","S2-L01-Q3","Suggest","none","PASS"
"008","S2-L02","1","S2.04+S2.05","The topology is the link pattern","topology-gallery","Count links first; trace the path second","Establish the concept, process, comparison or relationship before prose explanation.","Explain the concept, mechanism and causal relationships once.","","Not required.","","Not required.","S2-L02-Q1 | S2-L02-Q2 | S2-L02-Q3","Identify | Describe | Suggest","none","PASS"
"008","S2-L02","2","S2.04+S2.05","A good choice connects structure to consequence","table","Failure and design trade-offs","Establish the concept, process, comparison or relationship before prose explanation.","Explain the concept, mechanism and causal relationships once.","","Not required.","","Not required.","S2-L02-Q2 | S2-L02-Q3","Describe | Suggest","none","PASS"
"009","S2-L03","1","S2.06","Cloud changes where resources run and who controls the infrastructure","flow","One cloud request","Establish the concept, process, comparison or relationship before prose explanation.","Explain the concept, mechanism and causal relationships once.","","Not required.","","Not required.","S2-L03-Q1 | S2-L03-Q3","Give","none","PASS"
"009","S2-L03","2","S2.06","Cloud benefits and risks must be connected to dependence","table","Claim → mechanism → consequence","Establish the concept, process, comparison or relationship before prose explanation.","Explain the concept, mechanism and causal relationships once.","","Not required.","","Not required.","S2-L03-Q2 | S2-L03-Q3","Explain | Give","none","PASS"
"010","S2-L04","1","S2.07+S2.08","Wired and wireless create different constraints","table","Wired and wireless implications","Establish the concept, process, comparison or relationship before prose explanation.","Explain the concept, mechanism and causal relationships once.","","Not required.","","Not required.","S2-L04-Q2 | S2-L04-Q3","Compare | Suggest","none","PASS"
"010","S2-L04","2","S2.07+S2.08","The carrier determines capacity, attenuation and interference","table","Medium selection matrix","Establish the concept, process, comparison or relationship before prose explanation.","Explain the concept, mechanism and causal relationships once.","Choose a medium","Carry out a genuine calculation, algorithm, operation or physical process.","","Not required.","S2-L04-Q1 | S2-L04-Q2 | S2-L04-Q3","State | Compare | Suggest","none","PASS"
"011","S2-L05","1","S2.09+S2.10+S2.11","Every LAN device has a specific job","flow","One wireless request to a local server","Establish the concept, process, comparison or relationship before prose explanation.","Explain the concept, mechanism and causal relationships once.","","Not required.","","Not required.","S2-L05-Q1 | S2-L05-Q2 | S2-L05-Q4","Draw | Describe | Explain","none","PASS"
"011","S2-L05","2","S2.09+S2.10+S2.11","The router crosses a network boundary","flow","From LAN to another network","Establish the concept, process, comparison or relationship before prose explanation.","Explain the concept, mechanism and causal relationships once.","","Not required.","","Not required.","S2-L05-Q2 | S2-L05-Q4","Describe | Explain","none","PASS"
"011","S2-L05","3","S2.09+S2.10+S2.11","CSMA/CD detects a collision, stops, waits and retries","flow","CSMA/CD timeline","Establish the concept, process, comparison or relationship before prose explanation.","Explain the concept, mechanism and causal relationships once.","","Not required.","","Not required.","S2-L05-Q3","Explain","none","PASS"
"012","S2-L06","1","S2.12","Streaming begins before the complete media file arrives","table","Real-time and on-demand","Establish the concept, process, comparison or relationship before prose explanation.","Explain the concept, mechanism and causal relationships once.","","Not required.","","Not required.","S2-L06-Q1","Define","none","PASS"
"012","S2-L06","2","S2.12","The buffer level is the difference between two rates over time","reservoir","Reservoir analogy: fill rate, stored level and drain rate","Establish the concept, process, comparison or relationship before prose explanation.","Explain the concept, mechanism and causal relationships once.","","Not required.","Worked rate example","Apply the concept to concrete data, state, code or a scenario.","S2-L06-Q2 | S2-L06-Q3","Calculate | Explain","none","PASS"
"013","S2-L07","1","S2.13+S2.14","The internet carries many services; the WWW is one","table","Infrastructure or service?","Establish the concept, process, comparison or relationship before prose explanation.","Explain the concept, mechanism and causal relationships once.","","Not required.","","Not required.","S2-L07-Q1","Explain","none","PASS"
"013","S2-L07","2","S2.13+S2.14","Access infrastructure connects the local router to wider networks","table","Connection route and trade-off","Establish the concept, process, comparison or relationship before prose explanation.","Explain the concept, mechanism and causal relationships once.","From a home device to the internet","Carry out a genuine calculation, algorithm, operation or physical process.","","Not required.","S2-L07-Q2 | S2-L07-Q3","Complete | Suggest","none","PASS"
"014","S2-L08","1","S2.15+S2.16","An IP address identifies a network interface for routing","address-demo","Read version and interface separately","Establish the concept, process, comparison or relationship before prose explanation.","Explain the concept, mechanism and causal relationships once.","","Not required.","","Not required.","S2-L08-Q1","State","none","PASS"
"014","S2-L08","2","S2.15+S2.16","Subnet, public/private and static/dynamic answer different questions","flow","Worked local-or-router decision","Establish the concept, process, comparison or relationship before prose explanation.","Explain the concept, mechanism and causal relationships once.","","Not required.","","Not required.","S2-L08-Q2 | S2-L08-Q3","Explain | Suggest","none","PASS"
"014","S2-L08","3","S2.15+S2.16","DNS resolves the domain; the browser requests the path","url-demo","Break the URL before resolving it","Establish the concept, process, comparison or relationship before prose explanation.","Explain the concept, mechanism and causal relationships once.","DNS and browser sequence","Carry out a genuine calculation, algorithm, operation or physical process.","","Not required.","S2-L08-Q4","Identify","none","PASS"
"015","S3-L01","1","S3.01","The need for input, output, primary storage, secondary storage and removable storage","reviewed-visual","Component roles and examples","Establish the concept, process, comparison or relationship before prose explanation.","Explain the concept, mechanism and causal relationships once.","","Not required.","","Not required.","V3-Q-L013-01","Explain","none","PASS"
"015","S3-L01","2","S3.02","Embedded systems and their benefits/drawbacks","reviewed-visual","What is an embedded system?","Establish the concept, process, comparison or relationship before prose explanation.","Explain the concept, mechanism and causal relationships once.","","Not required.","","Not required.","V3-Q-L013-02 | V3-Q-L013-03","Identify | Give","none","PASS"
"016","S3-L02","1","S3.03","Describe principal operation of laser printer, 3D printer, microphone, speakers, HDD, flash memory, optical reader/writer, touchscreen and VR headset.","flow","Process · Describe principal operation of laser printer, 3D printer, microphone, speakers, HDD, flash memory, optical reader/writer, touchscreen and VR headset.","Establish the concept, process, comparison or relationship before prose explanation.","Explain the concept, mechanism and causal relationships once.","","Not required.","Trace three different conversions","Apply the concept to concrete data, state, code or a scenario.","V3-Q-L014-01 | V3-Q-L014-02 | V3-Q-L014-03","Describe | Compare","none","PASS"
"017","S3-L03","1","S3.04","Why buffers are used","reviewed-visual","Why drivers, buffers and queues work together","Establish the concept, process, comparison or relationship before prose explanation.","Explain the concept, mechanism and causal relationships once.","","Not required.","","Not required.","V3-015-S3.04-CHECK","Explain","none","PASS"
"017","S3-L03","2","S3.05","RAM and ROM","reviewed-visual","Why RAM changes while ROM remains stable","Establish the concept, process, comparison or relationship before prose explanation.","Explain the concept, mechanism and causal relationships once.","","Not required.","","Not required.","V3-Q-L015-01 | V3-015-S3.05-CHECK","Explain","none","PASS"
"017","S3-L03","3","S3.06","Uses of SRAM and DRAM and reasons for each use","table","Visual overview · Uses of SRAM and DRAM and reasons for each use","Establish the concept, process, comparison or relationship before prose explanation.","Explain the concept, mechanism and causal relationships once.","","Not required.","","Not required.","V3-Q-L015-01 | V3-Q-L015-03","Explain","none","PASS"
"017","S3-L03","4","S3.07","PROM, EPROM and EEPROM","table","Visual overview · PROM, EPROM and EEPROM","Establish the concept, process, comparison or relationship before prose explanation.","Explain the concept, mechanism and causal relationships once.","","Not required.","","Not required.","V3-Q-L015-01 | V3-Q-L015-02","Explain | Compare","none","PASS"
"018","S3-L04","1","S3.08","Monitoring and control; understand sensors, actuators and feedback","reviewed-visual","Control systems use rules and feedback","Establish the concept, process, comparison or relationship before prose explanation.","Explain the concept, mechanism and causal relationships once.","","Not required.","","Not required.","V3-Q-L016-01 | V3-Q-L016-02 | V3-Q-L016-03","Compare | State | Identify","none","PASS"
"018","S3-L04","2","S3.09","Temperature, pressure, infrared and sound sensors and appropriate applications","reviewed-visual","Required sensor types and applications","Establish the concept, process, comparison or relationship before prose explanation.","Explain the concept, mechanism and causal relationships once.","","Not required.","","Not required.","V3-Q-L016-01 | V3-Q-L016-02 | V3-Q-L016-03 | V3-016-S3.09-CHECK","Compare | State | Identify | Explain","none","PASS"
"019","S3-L05","1","S3.10","Understand NOT, AND, OR, NAND, NOR and XOR; use symbols/functions/truth tables and convert among problem, expression, circuit and truth table.","reviewed-visual","Six symbols, six exact output rules","Establish the concept, process, comparison or relationship before prose explanation.","Explain the concept, mechanism and causal relationships once.","From Boolean requirement to truth table","Carry out a genuine calculation, algorithm, operation or physical process.","Convert a door-alarm rule through four representations","Apply the concept to concrete data, state, code or a scenario.","V3-Q-L017-01 | V3-Q-L017-02 | V3-Q-L017-03 | V3-017-S3.10-CHECK","Construct | Identify | State | Explain","none","PASS"
"020","S3-L06","1","S3.10","Understand NOT, AND, OR, NAND, NOR and XOR; use symbols/functions/truth tables and convert among problem, expression, circuit and truth table.","flow","Process · Understand NOT, AND, OR, NAND, NOR and XOR; use symbols/functions/truth tables and convert among problem, expression, circuit and truth table.","Establish the concept, process, comparison or relationship before prose explanation.","Explain the concept, mechanism and causal relationships once.","","Not required.","Convert a door-alarm rule through four representations","Apply the concept to concrete data, state, code or a scenario.","V3-Q-L018-01 | V3-Q-L018-02 | V3-Q-L018-03 | V3-018-S3.10-CHECK","Construct | Describe | Explain","none","PASS"
"021","S4-L01","1","S4.01","Von Neumann architecture and the stored-program concept","reviewed-visual","Why a CPU divides specialised work","Establish the concept, process, comparison or relationship before prose explanation.","Explain the concept, mechanism and causal relationships once.","","Not required.","","Not required.","V3-Q-L019-01","Explain","none","PASS"
"021","S4-L01","2","S4.02","General- and special-purpose registers: PC, MDR, MAR, ACC, IX, CIR and status register","reviewed-visual","ACC and status register: execute-stage evidence","Establish the concept, process, comparison or relationship before prose explanation.","Explain the concept, mechanism and causal relationships once.","","Not required.","","Not required.","V3-Q-L019-01 | V3-Q-L019-03 | V3-019-S4.02-CHECK","Explain | State","none","PASS"
"021","S4-L01","3","S4.03","ALU, CU, clock and immediate access store (IAS)","reviewed-visual","How registers, buses and clock stay aligned","Establish the concept, process, comparison or relationship before prose explanation.","Explain the concept, mechanism and causal relationships once.","","Not required.","","Not required.","V3-Q-L019-02","Compare","none","PASS"
"022","S4-L02","1","S4.04","Address, data and control buses","reviewed-visual","The three buses","Establish the concept, process, comparison or relationship before prose explanation.","Explain the concept, mechanism and causal relationships once.","","Not required.","","Not required.","V3-Q-L020-01 | V3-Q-L020-03","Describe | Explain","none","PASS"
"022","S4-L02","2","S4.05","Processor performance factors: processor type, cores, bus width, clock and cache","reviewed-visual","Bus width and addressable locations","Establish the concept, process, comparison or relationship before prose explanation.","Explain the concept, mechanism and causal relationships once.","","Not required.","","Not required.","V3-Q-L020-01 | V3-Q-L020-02 | V3-Q-L020-03","Describe | State | Explain","none","PASS"
"022","S4-L02","3","S4.06","USB, HDMI and VGA ports","cards","Visual overview · USB, HDMI and VGA ports","Establish the concept, process, comparison or relationship before prose explanation.","Explain the concept, mechanism and causal relationships once.","","Not required.","","Not required.","V3-020-S4.06-CHECK","Explain","none","PASS"
"023","S4-L03","1","S4.07","The fetch-execute cycle using register transfer notation","reviewed-visual","Registers and buses: the FDE cycle vocabulary","Establish the concept, process, comparison or relationship before prose explanation.","Explain the concept, mechanism and causal relationships once.","","Not required.","","Not required.","V3-Q-L021-01 | V3-Q-L021-02 | V3-Q-L021-03","Describe | Write | State","none","PASS"
"024","S4-L04","1","S4.08","Causes/applications of interrupts, ISR, detection and handling","reviewed-visual","The interrupt handling cycle","Establish the concept, process, comparison or relationship before prose explanation.","Explain the concept, mechanism and causal relationships once.","","Not required.","","Not required.","V3-Q-L022-01 | V3-Q-L022-02 | V3-Q-L022-03 | V3-022-S4.08-CHECK","Describe | State | Explain","none","PASS"
"025","S4-L05","1","S4.09","Assembly language and machine code","reviewed-visual","Machine code is binary instructions for the CPU","Establish the concept, process, comparison or relationship before prose explanation.","Explain the concept, mechanism and causal relationships once.","","Not required.","","Not required.","V3-Q-L023-01 | V3-Q-L023-02 | V3-Q-L023-03","Explain | Identify","none","PASS"
"025","S4-L05","2","S4.10","And apply the stages of a two-pass assembler","cards","Visual overview · And apply the stages of a two-pass assembler","Establish the concept, process, comparison or relationship before prose explanation.","Explain the concept, mechanism and causal relationships once.","","Not required.","","Not required.","V3-Q-L023-01 | V3-Q-L023-02 | V3-Q-L023-03","Explain | Identify","none","PASS"
"026","S4-L06","1","S4.11","Trace a simple assembly-language program","cards","Visual overview · Trace a simple assembly-language program","Establish the concept, process, comparison or relationship before prose explanation.","Explain the concept, mechanism and causal relationships once.","","Not required.","","Not required.","V3-024-S4.11-CHECK","Explain","none","PASS"
"026","S4-L06","2","S4.12","Instruction groups: data movement, input/output, arithmetic, conditional/unconditional branch and compare","reviewed-visual","Instruction groups: data movement, I/O, arithmetic, control and compare","Establish the concept, process, comparison or relationship before prose explanation.","Explain the concept, mechanism and causal relationships once.","","Not required.","","Not required.","V3-Q-L024-01 | V3-Q-L024-02 | V3-024-S4.12-CHECK","Describe | Compare | Explain","none","PASS"
"026","S4-L06","3","S4.13","Use the specified instruction set: LDM, LDD, LDI, LDX, LDR, MOV, STO, ADD, SUB, INC, DEC, JMP, CMP, CMI, JPE, JPN, IN, OUT and END.","reviewed-visual","Official LDR, CMI, JPE and JPN semantics","Establish the concept, process, comparison or relationship before prose explanation.","Explain the concept, mechanism and causal relationships once.","","Not required.","Trace load, arithmetic, comparison and output","Apply the concept to concrete data, state, code or a scenario.","V3-Q-L024-02 | V3-Q-L024-03 | V3-024-S4.13-CHECK","Compare | State | Complete","none","PASS"
"026","S4-L06","4","S4.14","Immediate, direct, indirect, indexed and relative addressing","reviewed-visual","Indexed addressing and arrays","Establish the concept, process, comparison or relationship before prose explanation.","Explain the concept, mechanism and causal relationships once.","","Not required.","","Not required.","V3-Q-L024-02 | V3-024-S4.14-CHECK","Compare | Explain","none","PASS"
"027","S4-L07","1","S4.15","AND, OR, XOR, LSL and LSR for bit manipulation, including testing/setting bits with masks","reviewed-visual","Binary shifts: logical, arithmetic, cyclic","Establish the concept, process, comparison or relationship before prose explanation.","Explain the concept, mechanism and causal relationships once.","","Not required.","","Not required.","V3-Q-L025-01 | V3-Q-L025-02 | V3-Q-L025-03 | V3-025-S4.15-CHECK","Explain | Identify | State | Complete","none","PASS"
"028","S5-L01","1","S5.01","Why an operating system is required and its memory, file, security, hardware and process management roles","reviewed-visual","Operating system: the main coordinator","Establish the concept, process, comparison or relationship before prose explanation.","Explain the concept, mechanism and causal relationships once.","","Not required.","","Not required.","V3-Q-L026-01 | V3-Q-L026-02 | V3-Q-L026-03","Explain | Identify","none","PASS"
"029","S5-L02","1","S5.02","Disk formatter, antivirus, defragmentation, disk analysis/repair, compression and backup utilities","reviewed-visual","Choose the required utility by its operation","Establish the concept, process, comparison or relationship before prose explanation.","Explain the concept, mechanism and causal relationships once.","","Not required.","","Not required.","V3-Q-L027-01 | V3-Q-L027-02 | V3-Q-L027-03 | V3-027-S5.02-CHECK","Explain | Identify","none","PASS"
"029","S5-L02","2","S5.03","Libraries and benefits of dynamically linked library files","reviewed-visual","Libraries provide reusable routines and modules","Establish the concept, process, comparison or relationship before prose explanation.","Explain the concept, mechanism and causal relationships once.","","Not required.","","Not required.","V3-Q-L027-01 | V3-Q-L027-03","Explain","none","PASS"
"030","S5-L03","1","S5.04","Why assembler, compiler and interpreter are needed","reviewed-visual","An assembler translates assembly language into machine code","Establish the concept, process, comparison or relationship before prose explanation.","Explain the concept, mechanism and causal relationships once.","","Not required.","","Not required.","V3-Q-L028-01 | V3-Q-L028-02 | V3-Q-L028-03","Compare | Explain | Identify","none","PASS"
"031","S5-L04","1","S5.05","Compare compiler and interpreter advantages/disadvantages and justify use","reviewed-visual","A compiler translates the whole high-level program before execution","Establish the concept, process, comparison or relationship before prose explanation.","Explain the concept, mechanism and causal relationships once.","","Not required.","","Not required.","V3-Q-L029-01 | V3-Q-L029-02","Give | Explain","none","PASS"
"031","S5-L04","2","S5.06","That Java is partly compiled and partly interpreted","cards","Visual overview · That Java is partly compiled and partly interpreted","Establish the concept, process, comparison or relationship before prose explanation.","Explain the concept, mechanism and causal relationships once.","","Not required.","","Not required.","V3-Q-L029-01 | V3-Q-L029-02 | V3-Q-L029-03","Give | Explain","none","PASS"
"032","S5-L05","1","S5.07","IDE features: context-sensitive prompts, dynamic syntax checking, prettyprint, expand/collapse, single-step, breakpoints, variable/expression inspection and report window","reviewed-visual","A breakpoint pauses execution at a chosen line","Establish the concept, process, comparison or relationship before prose explanation.","Explain the concept, mechanism and causal relationships once.","","Not required.","","Not required.","V3-Q-L030-01 | V3-Q-L030-02 | V3-Q-L030-03 | V3-030-S5.07-CHECK","Identify | Explain","none","PASS"
"033","S6-L01","1","S6.01","Data security, privacy and integrity","reviewed-visual","Integrity protects data from unauthorised or accidental alteration","Establish the concept, process, comparison or relationship before prose explanation.","Explain the concept, mechanism and causal relationships once.","","Not required.","","Not required.","V3-Q-L031-01 | V3-Q-L031-02 | V3-Q-L031-03","Compare | Explain","none","PASS"
"033","S6-L01","2","S6.02","The need for data and computer-system security","reviewed-visual","Use the risk chain before naming a control","Establish the concept, process, comparison or relationship before prose explanation.","Explain the concept, mechanism and causal relationships once.","","Not required.","","Not required.","V3-Q-L031-01 | V3-Q-L031-02 | V3-Q-L031-03","Compare | Explain","none","PASS"
"034","S6-L02","1","S6.03","User accounts/passwords, digital signatures, biometrics, firewall, antivirus, anti-spyware and encryption as security measures","reviewed-visual","Biometrics: convenient identity evidence from physical or behavioural features","Establish the concept, process, comparison or relationship before prose explanation.","Explain the concept, mechanism and causal relationships once.","","Not required.","","Not required.","V3-Q-L033-01 | V3-Q-L033-02 | V3-Q-L033-03 | V3-033-S6.03-CHECK","Describe | State | Explain","none","PASS"
"035","S6-L03","1","S6.04","Virus, spyware, hackers, phishing and pharming threats","reviewed-visual","Spyware secretly monitors activity or collects data","Establish the concept, process, comparison or relationship before prose explanation.","Explain the concept, mechanism and causal relationships once.","","Not required.","","Not required.","V3-Q-L032-01 | V3-Q-L032-02 | V3-Q-L032-03 | V3-032-S6.04-CHECK","Describe | State | Explain","none","PASS"
"035","S6-L03","2","S6.05","Restriction of access to data and computer systems as a risk-reduction method","reviewed-visual","Access control decides what authenticated users may do","Establish the concept, process, comparison or relationship before prose explanation.","Explain the concept, mechanism and causal relationships once.","","Not required.","","Not required.","V3-Q-L032-01","Describe","none","PASS"
"036","S6-L04","1","S6.06","How encryption and access rights protect data","reviewed-visual","One control can support more than one goal, but not every goal","Establish the concept, process, comparison or relationship before prose explanation.","Explain the concept, mechanism and causal relationships once.","","Not required.","","Not required.","V3-Q-L033-01 | V3-Q-L033-02 | V3-Q-L033-03","Describe | State | Explain","none","PASS"
"037","S6-L05","1","S6.07","Describe how data validation and data verification help protect the integrity of data; describe and use methods of data validation.","reviewed-visual","Common validation checks","Establish the concept, process, comparison or relationship before prose explanation.","Explain the concept, mechanism and causal relationships once.","","Not required.","","Not required.","V3-Q-L034-01 | V3-Q-L034-02 | V3-Q-L034-03","Explain | Draw","none","PASS"
"037","S6-L05","2","S6.08","Verification: visual and double entry; parity byte/block and checksum","reviewed-visual","Verification checks accuracy against the source","Establish the concept, process, comparison or relationship before prose explanation.","Explain the concept, mechanism and causal relationships once.","","Not required.","","Not required.","V3-Q-L034-01 | V3-Q-L034-03 | V3-034-S6.08-CHECK","Explain","none","PASS"
"038","S7-L01","1","S7.01","The need for and purpose of ethics as a computing professional","reviewed-visual","Ethics is about responsible decision-making","Establish the concept, process, comparison or relationship before prose explanation.","Explain the concept, mechanism and causal relationships once.","","Not required.","","Not required.","V3-Q-L035-01 | V3-Q-L035-02 | V3-Q-L035-03","Identify | Evaluate | Explain","none","PASS"
"038","S7-L01","2","S7.02","The importance of joining a professional ethical body, including BCS and IEEE","table","Visual overview · The importance of joining a professional ethical body, including BCS and IEEE","Establish the concept, process, comparison or relationship before prose explanation.","Explain the concept, mechanism and causal relationships once.","","Not required.","","Not required.","V3-Q-L035-01 | V3-Q-L035-02 | V3-Q-L035-03","Identify | Evaluate | Explain","none","PASS"
"039","S7-L02","1","S7.03","Explain the need to act ethically and the impact of acting ethically or unethically for a given situation.","reviewed-visual","Ethical answers start with stakeholders","Establish the concept, process, comparison or relationship before prose explanation.","Explain the concept, mechanism and causal relationships once.","","Not required.","","Not required.","V3-Q-L036-01 | V3-Q-L036-02 | V3-Q-L036-03","Identify | State | Explain","none","PASS"
"040","S7-L03","1","S7.04","The need for copyright legislation for software","reviewed-visual","Copyright protects expression, including software code","Establish the concept, process, comparison or relationship before prose explanation.","Explain the concept, mechanism and causal relationships once.","","Not required.","","Not required.","V3-Q-L037-01 | V3-Q-L037-02","Explain","none","PASS"
"040","S7-L03","2","S7.05","Different software licensing types and justify a licence for a given situation","reviewed-visual","A licence grants permission under conditions","Establish the concept, process, comparison or relationship before prose explanation.","Explain the concept, mechanism and causal relationships once.","","Not required.","","Not required.","V3-Q-L037-01 | V3-Q-L037-02 | V3-Q-L037-03 | V3-037-S7.05-CHECK","Explain | Identify","none","PASS"
"041","S7-L04","1","S7.06","Artificial intelligence, its applications and its social, economic and environmental impacts","reviewed-visual","Environmental impacts include energy use and resource consumption","Establish the concept, process, comparison or relationship before prose explanation.","Explain the concept, mechanism and causal relationships once.","","Not required.","","Not required.","V3-Q-L038-01 | V3-Q-L038-02 | V3-Q-L038-03 | V3-038-S7.06-CHECK","Identify | Evaluate | Give | Explain","none","PASS"
"042","S8-L01","1","S8.01","Limitations of file-based systems and how relational databases address them","reviewed-visual","Flat-file vs relational comparison","Establish the concept, process, comparison or relationship before prose explanation.","Explain the concept, mechanism and causal relationships once.","","Not required.","","Not required.","V3-Q-L039-01 | V3-Q-L039-02 | V3-Q-L039-03","Explain | Write | Identify","none","PASS"
"042","S8-L01","2","S8.02","Entity/table, record/tuple, field/attribute, primary/candidate/secondary/foreign key, relationships, referential integrity and indexing","reviewed-visual","Referential integrity","Establish the concept, process, comparison or relationship before prose explanation.","Explain the concept, mechanism and causal relationships once.","","Not required.","","Not required.","V3-Q-L039-01 | V3-Q-L039-02 | V3-Q-L039-03 | V3-039-S8.02-CHECK","Explain | Write | Identify","none","PASS"
"043","S8-L02","1","S8.03","Entity-relationship diagrams","reviewed-visual","Cardinality describes how many records may be linked","Establish the concept, process, comparison or relationship before prose explanation.","Explain the concept, mechanism and causal relationships once.","","Not required.","","Not required.","V3-Q-L040-01 | V3-Q-L040-02 | V3-Q-L040-03","Write | Explain","none","PASS"
"043","S8-L02","2","S8.04","1NF, 2NF and 3NF; explain 3NF and produce a normalised design","reviewed-visual","How normal forms remove dependency problems","Establish the concept, process, comparison or relationship before prose explanation.","Explain the concept, mechanism and causal relationships once.","","Not required.","","Not required.","V3-Q-L040-01 | V3-Q-L040-02 | V3-Q-L040-03 | V3-040-S8.04-CHECK","Write | Explain","none","PASS"
"044","S8-L03","1","S8.05","DBMS features: data dictionary, data modelling, logical schema, integrity, security, backup and access rights","reviewed-visual","What does a DBMS provide?","Establish the concept, process, comparison or relationship before prose explanation.","Explain the concept, mechanism and causal relationships once.","","Not required.","","Not required.","V3-Q-L041-01 | V3-Q-L041-02 | V3-Q-L041-03 | V3-041-S8.05-CHECK","Identify | Explain","none","PASS"
"044","S8-L03","2","S8.06","The developer interface and query processor","cards","Visual overview · The developer interface and query processor","Establish the concept, process, comparison or relationship before prose explanation.","Explain the concept, mechanism and causal relationships once.","","Not required.","","Not required.","V3-Q-L041-03","Explain","none","PASS"
"045","S8-L04","1","S8.07","DDL creates/modifies structure, DML queries/maintains data, and SQL is an industry-standard language","reviewed-visual","INSERT, UPDATE and DELETE are data manipulation commands","Establish the concept, process, comparison or relationship before prose explanation.","Explain the concept, mechanism and causal relationships once.","","Not required.","","Not required.","V3-Q-L042-01 | V3-Q-L042-02 | V3-Q-L042-03","Identify | Explain","none","PASS"
"046","S8-L05","1","S8.08","A given SQL statement and explain the semantics of its clauses, identifiers, operators and values","reviewed-visual","The three foundation clauses","Establish the concept, process, comparison or relationship before prose explanation.","Explain the concept, mechanism and causal relationships once.","","Not required.","","Not required.","V3-Q-L043-01 | V3-Q-L043-02 | V3-Q-L043-03","Identify | Explain | State","none","PASS"
"046","S8-L05","2","S8.09","DDL: CREATE DATABASE, CREATE TABLE with CHARACTER/VARCHAR/BOOLEAN/INTEGER/REAL/DATE/TIME, ALTER TABLE, primary and foreign keys","cards","Visual overview · DDL: CREATE DATABASE, CREATE TABLE with CHARACTER/VARCHAR/BOOLEAN/INTEGER/REAL/DATE/TIME, ALTER TABLE, primary and foreign keys","Establish the concept, process, comparison or relationship before prose explanation.","Explain the concept, mechanism and causal relationships once.","","Not required.","","Not required.","V3-Q-L044-01 | V3-043-S8.09-CHECK","Write | Complete","none","PASS"
"047","S8-L06","1","S8.10","Use DML on at most two tables: SELECT, FROM, WHERE, ORDER BY, GROUP BY, INNER JOIN, SUM, COUNT and AVG.","reviewed-visual","Two-table INNER JOIN with ON","Establish the concept, process, comparison or relationship before prose explanation.","Explain the concept, mechanism and causal relationships once.","","Not required.","","Not required.","V3-Q-L043-01 | V3-Q-L043-02 | V3-Q-L043-03 | V3-043-S8.10-CHECK","Identify | Explain | State | Complete","none","PASS"
"047","S8-L06","2","S8.11","INSERT, DELETE and UPDATE to maintain data","reviewed-visual","DELETE FROM removes records","Establish the concept, process, comparison or relationship before prose explanation.","Explain the concept, mechanism and causal relationships once.","","Not required.","Maintain one Student record safely","Apply the concept to concrete data, state, code or a scenario.","V3-Q-L044-02 | V3-Q-L044-03","Write | Explain","none","PASS"
"049","S9-L01","1","S9.01","Abstraction, its purpose/benefits and creation of an abstract model","reviewed-visual","Abstraction: keep the details that affect the algorithm","Establish the concept, process, comparison or relationship before prose explanation.","Explain the concept, mechanism and causal relationships once.","","Not required.","","Not required.","V3-Q-L046-01 | V3-Q-L046-02 | V3-Q-L046-03","Write | Develop | Explain","none","PASS"
"050","S9-L02","1","S9.02","Decomposition and express a problem as modules: Decomposition and modular problem solving","reviewed-visual","Decomposition: split the problem into sub-problems","Establish the concept, process, comparison or relationship before prose explanation.","Explain the concept, mechanism and causal relationships once.","","Not required.","","Not required.","V3-Q-L047-01 | V3-Q-L047-02 | V3-Q-L047-03","State | Compare | Explain","none","PASS"
"051","S9-L03","1","S9.03","What an algorithm is","reviewed-visual","An algorithm is a solution expressed as defined steps","Establish the concept, process, comparison or relationship before prose explanation.","Explain the concept, mechanism and causal relationships once.","","Not required.","","Not required.","V3-Q-L048-01 | V3-Q-L048-02 | V3-Q-L048-03","Complete | State","none","PASS"
"051","S9-L03","2","S9.04","Choose meaningful identifier names and construct an identifier table","reviewed-visual","Readable notation earns marks more easily","Establish the concept, process, comparison or relationship before prose explanation.","Explain the concept, mechanism and causal relationships once.","","Not required.","","Not required.","V3-Q-L048-01 | V3-Q-L048-02 | V3-Q-L048-03","Complete | State","none","PASS"
"052","S9-L04","1","S9.05","Input-process-output to design pseudocode solutions: Input-process-output solution design","reviewed-visual","Turn paragraphs into a design table","Establish the concept, process, comparison or relationship before prose explanation.","Explain the concept, mechanism and causal relationships once.","","Not required.","","Not required.","V3-Q-L049-01 | V3-Q-L049-02 | V3-Q-L049-03","State | Explain","none","PASS"
"053","S9-L05","1","S9.06","And use sequence, selection and iteration","reviewed-visual","Real algorithms usually combine the three structures","Establish the concept, process, comparison or relationship before prose explanation.","Explain the concept, mechanism and causal relationships once.","","Not required.","","Not required.","V3-Q-L050-01 | V3-Q-L050-02 | V3-Q-L050-03","Develop | Identify","none","PASS"
"054","S9-L06","1","S9.07","Structured English, flowcharts and pseudocode; convert between representations","reviewed-visual","Flowcharts use symbols to show control flow","Establish the concept, process, comparison or relationship before prose explanation.","Explain the concept, mechanism and causal relationships once.","","Not required.","","Not required.","V3-Q-L051-01 | V3-Q-L051-02 | V3-Q-L051-03","Calculate | Explain | Identify","none","PASS"
"055","S9-L07","1","S9.08","Stepwise refinement to develop an algorithm: Stepwise refinement","cards","Visual overview · Stepwise refinement to develop an algorithm: Stepwise refinement","Establish the concept, process, comparison or relationship before prose explanation.","Explain the concept, mechanism and causal relationships once.","","Not required.","","Not required.","V3-Q-L052-01 | V3-Q-L052-02 | V3-Q-L052-03","State | Explain","none","PASS"
"056","S9-L08","1","S9.09","Logic statements","reviewed-visual","A diamond becomes IF...THEN...ELSE","Establish the concept, process, comparison or relationship before prose explanation.","Explain the concept, mechanism and causal relationships once.","Constructing a logic statement","Carry out a genuine calculation, algorithm, operation or physical process.","Construct and test an eligibility condition","Apply the concept to concrete data, state, code or a scenario.","V3-Q-L053-01 | V3-Q-L053-02 | V3-Q-L053-03","Write | Identify | State","none","PASS"
"057","S9-L09","1","S9.02","Decomposition and express a problem as modules: Integrated algorithm design from a word problem","cards","Visual overview · Decomposition and express a problem as modules: Integrated algorithm design from a word problem","Establish the concept, process, comparison or relationship before prose explanation.","Explain the concept, mechanism and causal relationships once.","","Not required.","","Not required.","V3-Q-L054-01 | V3-Q-L054-02 | V3-Q-L054-03","State | Explain","none","PASS"
"057","S9-L09","2","S9.05","Input-process-output to design pseudocode solutions: Integrated algorithm design from a word problem","cards","Visual overview · Input-process-output to design pseudocode solutions: Integrated algorithm design from a word problem","Establish the concept, process, comparison or relationship before prose explanation.","Explain the concept, mechanism and causal relationships once.","","Not required.","","Not required.","V3-Q-L054-02 | V3-Q-L054-03","State | Explain","none","PASS"
"057","S9-L09","3","S9.08","Stepwise refinement to develop an algorithm: Integrated algorithm design from a word problem","reviewed-visual","Stepwise refinement turns a high-level algorithm into implementable modules","Establish the concept, process, comparison or relationship before prose explanation.","Explain the concept, mechanism and causal relationships once.","","Not required.","","Not required.","V3-Q-L054-02 | V3-Q-L054-03","State | Explain","none","PASS"
"058","S10-L01","1","S10.01","Integer, real, char, string, Boolean and date types and Cambridge pseudocode type names","reviewed-visual","The eight Cambridge pseudocode type names","Establish the concept, process, comparison or relationship before prose explanation.","Explain the concept, mechanism and causal relationships once.","","Not required.","Integer, real, char, string, Boolean and date types and Cambridge pseudocode type names","Apply the concept to concrete data, state, code or a scenario.","V3-Q-L055-01 | V3-Q-L055-02 | V3-Q-L055-03 | V3-055-S10.01-CHECK","Select | Identify | Suggest | Explain","none","PASS"
"059","S10-L02","1","S10.02","Record purpose and define, read and save record data","reviewed-visual","Define a record, then save and read named fields","Establish the concept, process, comparison or relationship before prose explanation.","Explain the concept, mechanism and causal relationships once.","","Not required.","","Not required.","V3-Q-L056-01 | V3-Q-L056-02 | V3-Q-L056-03","Define | Explain | State","none","PASS"
"060","S10-L03","1","S10.03","Array, index, lower bound and upper bound terminology","reviewed-visual","The index points to exactly one element","Establish the concept, process, comparison or relationship before prose explanation.","Explain the concept, mechanism and causal relationships once.","","Not required.","","Not required.","V3-Q-L057-01 | V3-Q-L057-02 | V3-Q-L057-03","Write | Explain | Define","none","PASS"
"061","S10-L04","1","S10.04","Select one- or two-dimensional arrays for a scenario: Selecting and using one-dimensional arrays","reviewed-visual","A one-dimensional array is a linear collection","Establish the concept, process, comparison or relationship before prose explanation.","Explain the concept, mechanism and causal relationships once.","","Not required.","","Not required.","V3-Q-L058-01 | V3-Q-L058-02 | V3-Q-L058-03","Write | Explain | State","none","PASS"
"061","S10-L04","2","S10.05","Pseudocode using one- and two-dimensional arrays: Selecting and using one-dimensional arrays","reviewed-visual","Cambridge bounds and Java indexes are not the same habit","Establish the concept, process, comparison or relationship before prose explanation.","Explain the concept, mechanism and causal relationships once.","","Not required.","","Not required.","V3-Q-L058-01 | V3-Q-L058-02","Write | Explain","none","PASS"
"062","S10-L05","1","S10.04","Select one- or two-dimensional arrays for a scenario: Selecting and using two-dimensional arrays","cards","Visual overview · Select one- or two-dimensional arrays for a scenario: Selecting and using two-dimensional arrays","Establish the concept, process, comparison or relationship before prose explanation.","Explain the concept, mechanism and causal relationships once.","","Not required.","","Not required.","V3-Q-L059-01 | V3-Q-L059-02 | V3-Q-L059-03","Write | Suggest | State","none","PASS"
"062","S10-L05","2","S10.05","Pseudocode using one- and two-dimensional arrays: Selecting and using two-dimensional arrays","cards","Visual overview · Pseudocode using one- and two-dimensional arrays: Selecting and using two-dimensional arrays","Establish the concept, process, comparison or relationship before prose explanation.","Explain the concept, mechanism and causal relationships once.","","Not required.","","Not required.","V3-Q-L059-01 | V3-Q-L059-02 | V3-Q-L059-03","Write | Suggest | State","none","PASS"
"063","S10-L06","1","S10.06","Bubble sort and linear search algorithms: Linear search using arrays","reviewed-visual","Linear search checks each item in order","Establish the concept, process, comparison or relationship before prose explanation.","Explain the concept, mechanism and causal relationships once.","Linear search procedure","Carry out a genuine calculation, algorithm, operation or physical process.","Write a bounded linear search","Apply the concept to concrete data, state, code or a scenario.","V3-Q-L060-01 | V3-Q-L060-02 | V3-Q-L060-03","Write | Describe | Explain","none","PASS"
"064","S10-L07","1","S10.06","Bubble sort and linear search algorithms: Bubble sort using arrays","flow","Process · Bubble sort and linear search algorithms: Bubble sort using arrays","Establish the concept, process, comparison or relationship before prose explanation.","Explain the concept, mechanism and causal relationships once.","","Not required.","Write and trace an ascending bubble sort","Apply the concept to concrete data, state, code or a scenario.","V3-Q-L061-01 | V3-Q-L061-02 | V3-Q-L061-03","Write | Describe | Explain","none","PASS"
"065","S10-L08","1","S10.07","The need for files and use text-file pseudocode","reviewed-visual","Cambridge pseudocode is the exam answer format","Establish the concept, process, comparison or relationship before prose explanation.","Explain the concept, mechanism and causal relationships once.","","Not required.","","Not required.","V3-Q-L062-01 | V3-Q-L062-02 | V3-Q-L062-03","Write | Explain","none","PASS"
"066","S10-L09","1","S10.08","The definition and purpose of an abstract data type","reviewed-visual","An ADT is data together with permitted operations","Establish the concept, process, comparison or relationship before prose explanation.","Explain the concept, mechanism and causal relationships once.","","Not required.","","Not required.","V3-Q-L063-01 | V3-Q-L063-02 | V3-Q-L063-03","Give | Describe | Write","none","PASS"
"067","S10-L10","1","S10.09","Stack, queue and linked-list features; justify a structure: Stacks and LIFO operations","reviewed-visual","Why two ends create FIFO","Establish the concept, process, comparison or relationship before prose explanation.","Explain the concept, mechanism and causal relationships once.","","Not required.","","Not required.","V3-Q-L064-01 | V3-Q-L064-02 | V3-064-S10.09-CHECK","Suggest | Identify | Explain","none","PASS"
"067","S10-L10","2","S10.10","Add, edit and delete data in the ADTs and implement them using arrays; pseudocode for operations is not required by the syllabus.","reviewed-visual","Implement stack, queue and linked list using arrays","Establish the concept, process, comparison or relationship before prose explanation.","Explain the concept, mechanism and causal relationships once.","","Not required.","","Not required.","V3-Q-L064-01 | V3-Q-L064-02 | V3-Q-L064-03","Suggest | Identify | State","none","PASS"
"068","S10-L11","1","S10.09","Stack, queue and linked-list features; justify a structure: Queues and FIFO operations","cards","Visual overview · Stack, queue and linked-list features; justify a structure: Queues and FIFO operations","Establish the concept, process, comparison or relationship before prose explanation.","Explain the concept, mechanism and causal relationships once.","","Not required.","","Not required.","V3-Q-L065-01 | V3-Q-L065-02","Justify | Suggest","none","PASS"
"068","S10-L11","2","S10.10","Add, edit and delete data in the ADTs and implement them using arrays; pseudocode for operations is not required by the syllabus.","cards","Visual overview · Add, edit and delete data in the ADTs and implement them using arrays; pseudocode for operations is not required by the syllabus.","Establish the concept, process, comparison or relationship before prose explanation.","Explain the concept, mechanism and causal relationships once.","","Not required.","","Not required.","V3-Q-L065-01 | V3-Q-L065-02 | V3-Q-L065-03","Justify | Suggest | State","none","PASS"
"069","S10-L12","1","S10.09","Stack, queue and linked-list features; justify a structure: Linked-list features and operations","cards","Visual overview · Stack, queue and linked-list features; justify a structure: Linked-list features and operations","Establish the concept, process, comparison or relationship before prose explanation.","Explain the concept, mechanism and causal relationships once.","","Not required.","","Not required.","V3-Q-L066-01 | V3-066-S10.09-CHECK","Identify | Explain","none","PASS"
"069","S10-L12","2","S10.10","Add, edit and delete data in the ADTs and implement them using arrays; pseudocode for operations is not required by the syllabus.","cards","Visual overview · Add, edit and delete data in the ADTs and implement them using arrays; pseudocode for operations is not required by the syllabus.","Establish the concept, process, comparison or relationship before prose explanation.","Explain the concept, mechanism and causal relationships once.","","Not required.","","Not required.","V3-Q-L066-01 | V3-Q-L066-02 | V3-Q-L066-03","Identify | State | Explain","none","PASS"
"070","S10-L13","1","S10.10","Add, edit and delete data in the ADTs and implement them using arrays; pseudocode for operations is not required by the syllabus.","cards","Visual overview · Add, edit and delete data in the ADTs and implement them using arrays; pseudocode for operations is not required by the syllabus.","Establish the concept, process, comparison or relationship before prose explanation.","Explain the concept, mechanism and causal relationships once.","","Not required.","","Not required.","V3-Q-L067-01 | V3-Q-L067-02 | V3-Q-L067-03","Compare | State | Explain","none","PASS"
"071","S10-L14","1","S10.04","Select one- or two-dimensional arrays for a scenario: Choosing and combining data structures","cards","Visual overview · Select one- or two-dimensional arrays for a scenario: Choosing and combining data structures","Establish the concept, process, comparison or relationship before prose explanation.","Explain the concept, mechanism and causal relationships once.","","Not required.","","Not required.","V3-Q-L068-01 | V3-Q-L068-02 | V3-Q-L068-03","State | Explain","none","PASS"
"071","S10-L14","2","S10.09","Stack, queue and linked-list features; justify a structure: Choosing and combining data structures","cards","Visual overview · Stack, queue and linked-list features; justify a structure: Choosing and combining data structures","Establish the concept, process, comparison or relationship before prose explanation.","Explain the concept, mechanism and causal relationships once.","","Not required.","Stack, queue and linked-list features; justify a structure: Choosing and combining data structures","Apply the concept to concrete data, state, code or a scenario.","V3-Q-L068-02 | V3-Q-L068-03","State | Explain","none","PASS"
"072","S11-L01","1","S11.01","Pseudocode from a flowchart or structured-English description: Translating descriptions into Cambridge pseudocode","reviewed-visual","Translate a flowchart or structured English into pseudocode","Establish the concept, process, comparison or relationship before prose explanation.","Explain the concept, mechanism and causal relationships once.","From flowchart to pseudocode","Carry out a genuine calculation, algorithm, operation or physical process.","Translate structured English into a complete selection","Apply the concept to concrete data, state, code or a scenario.","V3-Q-L069-01 | V3-Q-L069-02 | V3-Q-L069-03","Explain | Describe | State","none","PASS"
"073","S11-L02","1","S11.02","Declarations, constants, variables, assignment, arithmetic/logical operations and input/output: Declarations, assignment and input/output","reviewed-visual","The symbol changes, the update idea does not","Establish the concept, process, comparison or relationship before prose explanation.","Explain the concept, mechanism and causal relationships once.","Declarations, assignment and input/output","Carry out a genuine calculation, algorithm, operation or physical process.","Declare, input, calculate and output without losing an operator","Apply the concept to concrete data, state, code or a scenario.","V3-Q-L070-01 | V3-Q-L070-02 | V3-Q-L070-03 | V3-070-S11.02-CHECK","Write | Identify | Explain","none","PASS"
"074","S11-L03","1","S11.02","Declarations, constants, variables, assignment, arithmetic/logical operations and input/output: Arithmetic and logical expressions","flow","Process · Declarations, constants, variables, assignment, arithmetic/logical operations and input/output: Arithmetic and logical expressions","Establish the concept, process, comparison or relationship before prose explanation.","Explain the concept, mechanism and causal relationships once.","","Not required.","Declare, input, calculate and output without losing an operator","Apply the concept to concrete data, state, code or a scenario.","V3-Q-L071-01 | V3-Q-L071-02 | V3-Q-L071-03 | V3-071-S11.02-CHECK","State | Write","none","PASS"
"075","S11-L04","1","S11.03","Built-in/library and string functions","reviewed-visual","Use the string-function definition supplied in the question","Establish the concept, process, comparison or relationship before prose explanation.","Explain the concept, mechanism and causal relationships once.","","Not required.","","Not required.","V3-Q-L072-01 | V3-Q-L072-02 | V3-Q-L072-03","Explain | State","none","PASS"
"076","S11-L05","1","S11.04","IF/ELSE/nested selection, CASE, count-controlled loops, post-condition and pre-condition loops: IF, ELSE and CASE selection","flow","Process · IF/ELSE/nested selection, CASE, count-controlled loops, post-condition and pre-condition loops: IF, ELSE and CASE selection","Establish the concept, process, comparison or relationship before prose explanation.","Explain the concept, mechanism and causal relationships once.","","Not required.","Choose and trace the right loop","Apply the concept to concrete data, state, code or a scenario.","V3-Q-L073-01 | V3-Q-L073-02 | V3-Q-L073-03 | V3-073-S11.04-CHECK","State | Identify | Complete","none","PASS"
"077","S11-L06","1","S11.04","IF/ELSE/nested selection, CASE, count-controlled loops, post-condition and pre-condition loops: Count-controlled iteration","flow","Process · IF/ELSE/nested selection, CASE, count-controlled loops, post-condition and pre-condition loops: Count-controlled iteration","Establish the concept, process, comparison or relationship before prose explanation.","Explain the concept, mechanism and causal relationships once.","","Not required.","Choose and trace the right loop","Apply the concept to concrete data, state, code or a scenario.","V3-Q-L074-01 | V3-Q-L074-02 | V3-Q-L074-03","Identify | State | Explain","none","PASS"
"078","S11-L07","1","S11.04","IF/ELSE/nested selection, CASE, count-controlled loops, post-condition and pre-condition loops: Pre-condition and post-condition loops","flow","Process · IF/ELSE/nested selection, CASE, count-controlled loops, post-condition and pre-condition loops: Pre-condition and post-condition loops","Establish the concept, process, comparison or relationship before prose explanation.","Explain the concept, mechanism and causal relationships once.","","Not required.","Choose and trace the right loop","Apply the concept to concrete data, state, code or a scenario.","V3-Q-L075-01 | V3-Q-L075-02 | V3-Q-L075-03","State | Explain | Write","none","PASS"
"079","S11-L08","1","S11.05","A suitable loop structure","reviewed-visual","The difference is when the condition is tested","Establish the concept, process, comparison or relationship before prose explanation.","Explain the concept, mechanism and causal relationships once.","","Not required.","","Not required.","V3-Q-L076-01 | V3-Q-L076-02 | V3-Q-L076-03","Identify | Explain | Write","none","PASS"
"080","S11-L09","1","S11.06","And use procedures with parameters passed by reference and by value: Procedures and parameter passing","reviewed-visual","Same procedure body, different final result","Establish the concept, process, comparison or relationship before prose explanation.","Explain the concept, mechanism and causal relationships once.","Procedure parameter passing","Carry out a genuine calculation, algorithm, operation or physical process.","Contrast BYVAL and BYREF","Apply the concept to concrete data, state, code or a scenario.","V3-Q-L077-01 | V3-Q-L077-02 | V3-Q-L077-03","Define | Compare | State","none","PASS"
"081","S11-L10","1","S11.07","And use functions, including return values in expressions: Functions, interfaces and return values","reviewed-visual","Function calls can appear where a value is needed","Establish the concept, process, comparison or relationship before prose explanation.","Explain the concept, mechanism and causal relationships once.","Functions and return values","Carry out a genuine calculation, algorithm, operation or physical process.","Use a returned value in an expression","Apply the concept to concrete data, state, code or a scenario.","V3-Q-L078-01 | V3-Q-L078-02 | V3-Q-L078-03 | V3-078-S11.07-CHECK","State | Explain","none","PASS"
"081","S11-L10","2","S11.08","Precise terminology: procedure/function header, interface, parameter, argument and return value","reviewed-visual","A subprogram interface connects caller and header","Establish the concept, process, comparison or relationship before prose explanation.","Explain the concept, mechanism and causal relationships once.","","Not required.","","Not required.","V3-Q-L078-01 | V3-Q-L078-02 | V3-Q-L078-03 | V3-078-S11.08-CHECK","State | Explain | Complete","none","PASS"
"082","S11-L11","1","S11.09","Clear and efficient Cambridge pseudocode","reviewed-visual","Java methods can model modularity, but Cambridge pseudocode remains the exam format","Establish the concept, process, comparison or relationship before prose explanation.","Explain the concept, mechanism and causal relationships once.","","Not required.","","Not required.","V3-Q-L079-01 | V3-Q-L079-02 | V3-Q-L079-03","Write | Explain","none","PASS"
"083","S11-L12","1","S11.01","Pseudocode from a flowchart or structured-English description: Writing complete program fragments","flow","Process · Pseudocode from a flowchart or structured-English description: Writing complete program fragments","Establish the concept, process, comparison or relationship before prose explanation.","Explain the concept, mechanism and causal relationships once.","","Not required.","Translate structured English into a complete selection","Apply the concept to concrete data, state, code or a scenario.","V3-Q-L080-02","Explain","none","PASS"
"083","S11-L12","2","S11.04","IF/ELSE/nested selection, CASE, count-controlled loops, post-condition and pre-condition loops: Writing complete program fragments","reviewed-visual","Use CASE for clear values of one expression","Establish the concept, process, comparison or relationship before prose explanation.","Explain the concept, mechanism and causal relationships once.","Selecting and testing a control structure","Carry out a genuine calculation, algorithm, operation or physical process.","Choose and trace the right loop","Apply the concept to concrete data, state, code or a scenario.","V3-080-S11.04-CHECK","Complete","none","PASS"
"083","S11-L12","3","S11.06","And use procedures with parameters passed by reference and by value: Writing complete program fragments","flow","Process · And use procedures with parameters passed by reference and by value: Writing complete program fragments","Establish the concept, process, comparison or relationship before prose explanation.","Explain the concept, mechanism and causal relationships once.","","Not required.","Contrast BYVAL and BYREF","Apply the concept to concrete data, state, code or a scenario.","V3-Q-L080-01 | V3-080-S11.06-CHECK","State | Explain","none","PASS"
"083","S11-L12","4","S11.07","And use functions, including return values in expressions: Writing complete program fragments","flow","Process · And use functions, including return values in expressions: Writing complete program fragments","Establish the concept, process, comparison or relationship before prose explanation.","Explain the concept, mechanism and causal relationships once.","","Not required.","Use a returned value in an expression","Apply the concept to concrete data, state, code or a scenario.","V3-Q-L080-03","Write","none","PASS"
"084","S12-L01","1","S12.01","Why a program-development lifecycle is used; compare waterfall, iterative and RAD models and their stages","reviewed-visual","Rapid application development (RAD)","Establish the concept, process, comparison or relationship before prose explanation.","Explain the concept, mechanism and causal relationships once.","","Not required.","","Not required.","V3-Q-L081-01 | V3-Q-L081-02 | V3-Q-L081-03 | V3-081-S12.01-CHECK","Compare | Identify | Explain","none","PASS"
"085","S12-L02","1","S12.02","Understand, construct and use structure charts, including parameters, and derive pseudocode","reviewed-visual","Structure charts, derived pseudocode and state transitions","Establish the concept, process, comparison or relationship before prose explanation.","Explain the concept, mechanism and causal relationships once.","","Not required.","","Not required.","V3-Q-L082-01 | V3-Q-L082-02 | V3-Q-L082-03","Explain | State | Describe","none","PASS"
"086","S12-L03","1","S12.03","The purpose of state-transition diagrams to document an algorithm","cards","Visual overview · The purpose of state-transition diagrams to document an algorithm","Establish the concept, process, comparison or relationship before prose explanation.","Explain the concept, mechanism and causal relationships once.","","Not required.","","Not required.","V3-Q-L083-01 | V3-Q-L083-02 | V3-Q-L083-03","State | Compare","none","PASS"
"087","S12-L04","1","S12.04","Syntax, logic and runtime errors","reviewed-visual","Logic errors make the program do the wrong thing","Establish the concept, process, comparison or relationship before prose explanation.","Explain the concept, mechanism and causal relationships once.","","Not required.","Correct a boundary logic error","Apply the concept to concrete data, state, code or a scenario.","V3-Q-L084-01 | V3-Q-L084-02 | V3-Q-L084-03 | V3-084-S12.04-CHECK","Explain | State","none","PASS"
"088","S12-L05","1","S12.05","Dry run, walkthrough, white-box, black-box, integration, alpha, beta, acceptance and stub testing","reviewed-visual","Good testing uses different categories of data","Establish the concept, process, comparison or relationship before prose explanation.","Explain the concept, mechanism and causal relationships once.","","Not required.","","Not required.","V3-Q-L085-01 | V3-Q-L085-02 | V3-Q-L085-03 | V3-085-S12.05-CHECK","Identify | Explain","none","PASS"
"089","S12-L06","1","S12.06","The need for a test strategy and test plan and their likely contents","reviewed-visual","Test strategy and test plan are different documents","Establish the concept, process, comparison or relationship before prose explanation.","Explain the concept, mechanism and causal relationships once.","","Not required.","","Not required.","V3-Q-L086-01 | V3-Q-L086-02 | V3-Q-L086-03","State | Explain","none","PASS"
"090","S12-L07","1","S12.07","Select normal, abnormal and extreme/boundary test data","reviewed-visual","Extreme or boundary data uses valid values at accepted limits","Establish the concept, process, comparison or relationship before prose explanation.","Explain the concept, mechanism and causal relationships once.","","Not required.","","Not required.","V3-Q-L087-01 | V3-Q-L087-02 | V3-Q-L087-03","Give | Explain","none","PASS"
"091","S12-L08","1","S12.08","Perfective, adaptive and corrective maintenance","reviewed-visual","Maintenance changes a system after it has been delivered","Establish the concept, process, comparison or relationship before prose explanation.","Explain the concept, mechanism and causal relationships once.","","Not required.","","Not required.","V3-Q-L088-01 | V3-Q-L088-02 | V3-Q-L088-03","Identify | Explain | State","none","PASS"
"092","S12-L09","1","S12.09","Analyse and amend an existing program","reviewed-visual","Analyse and amend an existing program","Establish the concept, process, comparison or relationship before prose explanation.","Explain the concept, mechanism and causal relationships once.","","Not required.","","Not required.","V3-Q-L089-01 | V3-Q-L089-02 | V3-Q-L089-03","Identify | Explain","none","PASS"
