lesson,markdown_file,title,markdown_hash,html_hash,identity,semantic_review,release_status
001,001-binary-and-decimal-magnitude-prefixes.md,Lesson 001: Binary and decimal magnitude prefixes,8dbeb8cd860bec0331b53b39f25850036ac6887c9d0df4ead80b51a7ebc5f080,390384c344af24b0d88eae64ce763394ba3aecef0120bb2c2ea7b2c5f384a7cd,Pass,Reviewed,Approved
002,002-integer-conversion-between-binary-and-denary.md,Lesson 002: Integer conversion between binary and denary,ebf12b3640306e8a740122b790ef55d3fd1798326d42dc166c9b104543a66a3d,e6adf1334f258e8eb55d1ad38ced1e2878446d1a999a2a1db880ad50d01d0ccf,Pass,Reviewed,Approved
003,003-hexadecimal-as-a-base-16-representation.md,Lesson 003: Hexadecimal as a base-16 representation,ec0356bdd846443066abba3bc169e7da8921eb9d22777e2533893e9e5adecdf6,266f060606943c46167ce8d87e0df991cd6dcb0b69fd0a8617b1200cdf6dde4d,Pass,Reviewed,Approved
004,004-binary-addition-and-fixed-width-overflow.md,Lesson 004: Binary addition and fixed-width overflow,1586ef55e7beb64ce9eb55e2ef076f89f0c6ea7e638eca85eba4296d300f40ad,90fdca938c30ee0497fc892a8f96da6e9216bb93aa815c5da81db330cf736122,Pass,Reviewed,Approved
005,005-signed-representations-and-binary-subtraction.md,Lesson 005: Signed representations and binary subtraction,6f1f946ba6fba6fd9ddcbeea9259df8c2467a78c1298c7f95fc7a965657803c3,e0a6e684a5c418c4d759fc23f7e665464f46514c9f4f6dade4a74a74d3eae3dc,Pass,Reviewed,Approved
006,006-bcd-and-hexadecimal-in-practical-systems.md,Lesson 006: BCD and hexadecimal in practical systems,9929e3201beef8292b3d049aaaaaf85989e4b43712fce602cd6061044b7bb6bd,2e006a8199f75a154a016e14b55765cf918141ecfa3ff168155bb74fff987a7e,Pass,Reviewed,Approved
007,007-character-sets-and-internal-binary-character-data.md,Lesson 007: Character sets and internal binary character data,ebe04659eba7974fcc773b537455c5e916deb004a03e4ccec3435e995d0b04f8,81ceaafb4a0fb1d5b050f6a1246b4f7176febe7200dfb50afaed9ae1025310dc,Pass,Reviewed,Approved
008,008-bitmap-file-headers-image-resolution-and-screen-resolution.md,"Lesson 008: Bitmap file headers, image resolution and screen resolution",ddb1ad1a6bb7b51bdbf72831d28607713bbd0db8bc4d04fb3735061bbf55a138,f56a393f23197366cd17cf34b612469c7a5efd750d3bd4306ece3f0840439f01,Pass,Reviewed,Approved
009,009-bitmap-file-size-calculations-and-metadata.md,Lesson 009: Bitmap file-size calculations and metadata,ba1e311eb747792ff84398e138fdc2481b88cf1f510464a478669c5ad710a72b,4e40ebe5e105a689055c8f25c6bb5d84b698e7452d7122dd607ed0ae150de2c6,Pass,Reviewed,Approved
010,010-vector-graphics-and-drawing-lists.md,Lesson 010: Vector graphics and drawing lists,34859f0dcd29c91263e279af4203ef6f33a7b6fd50388f354a80e9b5b079ec7e,76a251ae30da0d0cc4e2f283e9bdb5e25c0c5815ce4217538c0468621f7d079f,Pass,Reviewed,Approved
011,011-sound-sampling-sampling-resolution-accuracy-and-storage.md,"Lesson 011: Sound sampling, sampling resolution, accuracy and storage",f9c3ff129cd6c1a185fb91a6c21dbf9947a5fa7b81b3b6ea61a16d275edfff32,36187031e189e0ee2189b988ddede2d77931896cc468332e3b7f1fc32a311667,Pass,Reviewed,Approved
012,012-sound-file-size-calculations.md,Lesson 012: Sound file size calculations,5a060a57c620cde2918fa3ec7135ddee06cd13aaea4a8e5682b3ed90274fab86,98464b859f3b183a4eec3accfbc1ae6e7bd2a57747b524bb68160e73b8b8792a,Pass,Reviewed,Approved
013,013-compression-methods-for-text-bitmap-vector-and-sound-files.md,"Lesson 013: Compression methods for text, bitmap, vector and sound files",1c383a49ff2763e262928dda327210d73d097c75df52047ab740974ba748761d,62a0bebd50edaea7f0cbe68bdc5479d57d964149a0dfe71f30975de955f15f82,Pass,Reviewed,Approved
014,014-run-length-encoding-and-dictionary-style-compression.md,Lesson 014: Run-length encoding and dictionary-style compression,5972469cc67957fca2ea84567f346fdb078f4fb87b0618b5abaf439c7e2a85f7,fcb7fe2d38d95a4262178edc39b83427d4ae30cdf6c062c376c7a88715f49a01,Pass,Reviewed,Approved
015,015-choosing-data-representation-for-a-real-system.md,Lesson 015: Choosing data representation for a real system,51c31e2f2d1901485856a1b2602a16b94a4d18580e3e98ae82f19d448272afd1,56d0e43893b6dff086316c7daef89741df102caa10ca9d7d25afa90ef206d2fc,Pass,Reviewed,Approved
016,016-section-1-review-under-exam-timing.md,Lesson 016: Section 1 review under exam timing,f7a2c035fdfd567bf321a4a7fd57400384e27d6cf1bf114ff67152281313175c,8ff77e418f82e40be66cf99a39ae47b0ce88a2a8e352f58d0edb6966458e8dca,Pass,Reviewed,Approved
017,017-network-purpose-and-client-server-models.md,Lesson 017: Network purpose and client/server models,5bfd08c74182993ad8b9c2bd3f0bb0ddb82d7e30612c6c31e73997aabee9bf12,bde9d9c8689cdcee10b74a18d79bb673e9cb14e25c6c9a552544ab57a3573aeb,Pass,Reviewed,Approved
018,018-bus-star-mesh-and-hybrid-topologies.md,"Lesson 018: Bus, star, mesh and hybrid topologies",ffcafb2612dbbfd9f105d0dd88aed6608653ec2d8f5a02f3258d2809b515d5b3,a425de66109df7214d0a7bb1cb6b94e9d54de60c0472dcea7b6e03afa15f48ed,Pass,Reviewed,Approved
019,019-packet-transmission-between-two-hosts-in-each-required-topology.md,Lesson 019: Packet transmission between two hosts in each required topology,1c2909b581a6fa8e99038223034df60bcc0f3f61d7c46d78cfeae984a4b54524,5d44a852e97872895c83f41bd237ebb82bd4ea90304e7de335f4284ea3a5cce9,Pass,Reviewed,Approved
020,020-cloud-wired-and-wireless-networking.md,"Lesson 020: Cloud, wired and wireless networking",4c813ae92411a48cfc5bed41f985d68cf1ef1183178f76da07b6a3fb7c6718fe,0824cef5386fe21c291b38b67681196c392f559c15f3f53559ea3a4bb7a8504b,Pass,Reviewed,Approved
021,021-lan-hardware-ethernet-streaming-the-internet-ip-and-url.md,"Lesson 021: LAN hardware, Ethernet, streaming, the internet, IP and URL",f2ffa62b33eb4b1b1680e2dc17557a1edc2515ed8f6a840b49d1b58e24ce565e,6ee1aa37702b0f63f7260e33475972eecbc21f276f58e94870f5f124e555d9d9,Pass,Reviewed,Approved
022,022-http-https-ftp-smtp-pop3-and-imap-in-context.md,"Lesson 022: HTTP, HTTPS, FTP, SMTP, POP3 and IMAP in context",3450074740fd23561a242f8947f5bffbdc71233f57f3abc2adfb04d93f783262,68f706e7212b0d51d460d7812d633867ce4dee3d276a0b74fcecb831e6736025,Pass,Reviewed,Approved
023,023-wired-and-wireless-transmission-media.md,Lesson 023: Wired and wireless transmission media,f40e325a9f78afd2be173b4c3d52c1e3d8dcb1d7036aa51137f75507be26bad1,aecfc32e3de5dee3f4187b50565d5515d457222b557a0dc6a1daa2771aebf119,Pass,Reviewed,Approved
024,024-network-hardware-switches-routers-access-points-and-gateways.md,"Lesson 024: Network hardware: switches, routers, access points and gateways",3a7a9226324c148f04edca7d29b69d408c8382002e03aae81dca70c24f2ffc6b,44297675a0bbe57c72426c3e42d917b0d125f3b064ce05b912ad0a73a436316e,Pass,Reviewed,Approved
025,025-internet-intranet-extranet-and-cloud-services.md,"Lesson 025: Internet, intranet, extranet and cloud services",a1f5a28b7840140d6030405e18ed9e94252e312fbb86d4295233ccd3d6fca7ef,d3fd1c7a532fd497382dc4542e17041d2297190fd3769af3da147b07de229e31,Pass,Reviewed,Approved
026,026-network-performance-latency-bandwidth-and-congestion.md,"Lesson 026: Network performance, latency, bandwidth and congestion",8730aaf143b70efdc4f1740dcae8079508480bc9432ccc14c3e1effdcb46ddb3,31c0b4b3d47cefb24f32bcb22cd943c8c35a96af75c579802aedddf64e724254,Pass,Reviewed,Approved
027,027-section-2-review-explaining-communication-with-precision.md,Lesson 027: Section 2 review: explaining communication with precision,59402081f332eefbf6e9f5289cd909e93059cf8c65a5232974a2486f2a4f982c,2764d2adaf78cfe5fa0609b8e30550b9ef1dc7b26d9e91d797d462b3d56cb2ed,Pass,Reviewed,Approved
028,028-why-computer-systems-need-input-output-and-storage.md,"Lesson 028: Why computer systems need input, output and storage",da02956e3f93daa601f8ad8087f09caf394c1198ca49d223c678ed46e4c17b7b,1afee0b655e1f18c72feeb19dfbb9c8036e77b3cf9424c4b7cbbe5846b616ce8,Pass,Reviewed,Approved
029,029-embedded-systems-purpose-benefits-and-drawbacks.md,"Lesson 029: Embedded systems: purpose, benefits and drawbacks",6987e217b1e19953592031ccbfd460fb0622c167a9c95f09798f8c989e93a4b0,1abf39967569c683a34ec4619ee2e6d023d7eb72a3c1b038e9cdb460d2c586df,Pass,Reviewed,Approved
030,030-microphone-touchscreen-and-vr-headset-operation.md,"Lesson 030: Microphone, touchscreen and VR headset operation",34ce29d4509f331f46f9827eaa2595a8723c8367c08de632861389ad173288b7,78da84304c2b7a8f6e0eee0c0c6f66a980dbc3b320c9c26d441da6939d07c8e3,Pass,Reviewed,Approved
031,031-output-storage-devices-and-primary-memory.md,"Lesson 031: Output, storage devices and primary memory",9cbb5693f7c62719f9e12452f3ef3449384031bafd27bf7c3edf787180087ffa,85940b921bf48e59e9d0195d559b5a8d637285629a8e9756a7281ba9afa9e3b0,Pass,Reviewed,Approved
032,032-monitoring-control-feedback-and-required-sensors.md,"Lesson 032: Monitoring, control, feedback and required sensors",f11ec716e85219ca93c5183766edad4f18e080a4f80f134a0cd25427ac8e1b7e,b3446733fda1c33ebe1f7973c63c1fb1c6f08edaac405597daf99c1b7a886c64,Pass,Reviewed,Approved
033,033-logic-gate-symbols-functions-and-representation-conversions.md,"Lesson 033: Logic-gate symbols, functions and representation conversions",0b9e013e08ec11851855be59e7af19b475bc5c6973a15a8fdd39e6c4a2c74378,bb7a8ad09a95239f3fb1cd825f80c8db05ea5431f9111c427d68344070c4dac2,Pass,Reviewed,Approved
034,034-embedded-systems-and-microcontrollers.md,Lesson 034: Embedded systems and microcontrollers,df155b9c09cd8aaf30a20d1f62857e0c422bacdb76aa87052bff5ebb09f8cf5f,df08199d47ec4423811fdfd961fcfb08f9dcf66cb8833d9d17757279ba591245,Pass,Reviewed,Approved
035,035-sensors-actuators-and-control-systems.md,"Lesson 035: Sensors, actuators and control systems",f833498a7d9a37075adbd608dda64894243a7ef7fe79513d9891a51c84e6ec3b,8c55dea800653ea1c50163ab225e3a7f59d52f8a388aff9c3c44404fc43a7348,Pass,Reviewed,Approved
036,036-logic-gates-not-and-or-nand-nor-xor.md,"Lesson 036: Logic gates: NOT, AND, OR, NAND, NOR, XOR",d0eca54821e603b3fbdd501d160ecf35ac42706ddae825b2390b8b21df1fc47a,3022e8c6feb68c45e7abb7c7426e81271e879362a3995fc575515bbe4069a69e,Pass,Reviewed,Approved
037,037-truth-tables-and-boolean-expressions.md,Lesson 037: Truth tables and Boolean expressions,9664520a7d2412da542d4cfd44caeb408918708cf1120265543cf784be0b3c35,3f0b9265cf562db4e61d3eb6a01c500a6582720deeea545aed09aca3a77cc748,Pass,Reviewed,Approved
038,038-building-logic-circuits-from-requirements.md,Lesson 038: Building logic circuits from requirements,9cf8ee7221558042aeaac9a2a82d43cd455fadf9cc0af4a7795e8fc60f23d665,0b2bfb1017ebeac0ce78fdab5ecf4202951356b79ab517ec2c4014049e0b115b,Pass,Reviewed,Approved
039,039-hardware-selection-for-different-users.md,Lesson 039: Hardware selection for different users,459596011a9667757f5eaf326f47d9cebca7ad68338a006128aef93a65792db0,5eabb380dabcd54fd0fca3aba67fa3d959556437590ed85256626596592e110c,Pass,Reviewed,Approved
040,040-environmental-and-reliability-considerations-in-hardware.md,Lesson 040: Environmental and reliability considerations in hardware,17d412c9c66e1c1199c22c362ec19a835a9175b4530b6775bd7d734b0ca3cd33,dbc40fe6c52324501599a1193b037c78ce98eb3411232cc05922873ba67c3cd2,Pass,Reviewed,Approved
041,041-section-3-review-compare-justify-calculate.md,"Lesson 041: Section 3 review: compare, justify, calculate",54154538085fd57a95d404863e147dc60983a9c5107d572d0c51e98a4a6e1f67,36b4d0f338fdd1c455fb30feadd8282c6eeb9c1e666f8e20420b723991c1b4df,Pass,Reviewed,Approved
042,042-von-neumann-architecture-cpu-components-and-registers.md,"Lesson 042: Von Neumann architecture, CPU components and registers",cae6228a70b780d49e207d90d915470b487aa4e19f5750cce70cc08118a5f28a,a3097d2a7b2d45071d35558ee4768eb682fa98985786cb3c45a6d28089dc512a,Pass,Reviewed,Approved
043,043-system-buses-ports-and-processor-performance.md,"Lesson 043: System buses, ports and processor performance",54155169d4e230b84a0622e665cec08ad68d51e3bd712badf63988f1bbd5782c,dc1ea939b6808d0bb41004038df5198722486af20fa75a44680afa24d25a8b25,Pass,Reviewed,Approved
044,044-register-transfer-notation-for-the-fetch-decode-execute-cycle.md,Lesson 044: Register-transfer notation for the fetch-decode-execute cycle,80ff4811e003b3d977772d736d10970bc01a47354e7094d844913be71fb447c7,93b31d3720a473c7f7ec7619b0a66f99f4b692e05e1fca3fdea2979b5eddbcfb,Pass,Reviewed,Approved
045,045-interrupt-causes-detection-and-handling.md,"Lesson 045: Interrupt causes, detection and handling",a7e2c4244f4395ca6b5a58f2553c2f3ddf7c6433277b9a30e8d15281bff4d279,9200de8d14b41e7b129b4f5ae98c0b2b77aad0c951acdb94429c6cbf7d04d306,Pass,Reviewed,Approved
046,046-assembly-language-and-machine-code.md,Lesson 046: Assembly language and machine code,3b418d97b72d869464bce55af2b2668fe743aedacb4f9b78424c5c9badd7062c,d8b6c59feadb8e5fe72e6f48e0d4e4b29416d0d1f526fff95560535c8e502843,Pass,Reviewed,Approved
047,047-two-pass-assembly-program-tracing-and-the-instruction-set.md,"Lesson 047: Two-pass assembly, program tracing and the instruction set",978d36c1d3c191740b2471147430aa48d079e6316899ea74756efb7799e411b8,eb6301a50bdd8a19ab2706ee89ec0b5abab0c881a9818a71a46641771f8b6368,Pass,Reviewed,Approved
048,048-addressing-modes-and-address-sensitive-instructions.md,Lesson 048: Addressing modes and address-sensitive instructions,e2f94ec632a6fe8e1c9a9979c66f3e06bfbd307e344475ad696f66acbab6a19b,385f2d1fcb43efc4c5133801a185966ba56ec9006f371f9af0f96bc2e774edf8,Pass,Reviewed,Approved
049,049-section-4-semantic-checkpoint.md,Lesson 049: Section 4 semantic checkpoint,d57b0044a4deacc3e089ea6444e4246e8732be87c72e70d9350dccb8a14051e6,b08c0bf96166861db74db839bcbce44a46a783c0f3680eaf9cebe1ae4154dba0,Pass,Reviewed,Approved
050,050-bit-manipulation-with-masks-and-shifts.md,Lesson 050: Bit manipulation with masks and shifts,7be88ac5affb199cd3af6a5ac06c7e801f4c21f01509c79de60ed46b4a2f57dc,d3b1ee65bcba1559243ad5ed1c68faf0b0322c786d4979fd348d79a864719dd7,Pass,Reviewed,Approved
051,051-bit-manipulation-masks-and-binary-shifts.md,Lesson 051: Bit manipulation: masks and binary shifts,bc43996ee3b841c5ea007c30f333d3d0ae8909e6ceb783ed8c46d765d638925f,be4840fcf9a2c7b7da826cf93581a67cc7ea22181609a6e9a4d67b7f34656fbb,Pass,Reviewed,Approved
052,052-section-4-review-tracing-processor-behaviour.md,Lesson 052: Section 4 review: tracing processor behaviour,7b2cab8d182ec268fecae447335bd80a24111aef36b38ca4bb7d50cf93447b38,1672947d3150f08648ec60c097493244c40322f7f88f6605d0ba28b4dc8dc16d,Pass,Reviewed,Approved
053,053-why-an-operating-system-is-required-and-what-it-manages.md,Lesson 053: Why an operating system is required and what it manages,e6e13c23b4493d08474fd715a11bfd6c65f5f282acd14e928bb1aab7fb570535,5cdabb1c397398e2f2ac1ce76be1724f652ec7b2bab36da7315962ccd0523172,Pass,Reviewed,Approved
054,054-required-utility-software.md,Lesson 054: Required utility software,eb0ebcadfc2d5f7d83f72e6b0adb755f4021bdfa724e46138c3cb567d95d0afd,a3f144a4fdedba6f08d987d122a71a026c325ccc7b8b0ded326ce89b11336011,Pass,Reviewed,Approved
055,055-libraries-and-dynamically-linked-library-files.md,Lesson 055: Libraries and dynamically linked library files,5f773670cee2c27f1cca84299b55ee23248322a477a5110f28f6fde50c77ef48,b7dcd9d2ead3b4a19a1d2106a8836ada698df3f62cd6fc76095486c611210154,Pass,Reviewed,Approved
056,056-assembler-compiler-and-interpreter-choices.md,"Lesson 056: Assembler, compiler and interpreter choices",b113198e0f8cbb49ce8184d78b7d9da3c14f602a21459218ca63df51e030db2d,ebf6e5035ec78853fd2196f16ed9e6dc43e83a3b5563bb46dc52be2c9ed024a0,Pass,Reviewed,Approved
057,057-java-translation-and-required-ide-features.md,Lesson 057: Java translation and required IDE features,23b4c5b2fefcc71786940f63a34d98f6caf3883620f62e3c0f80dd86954f92e1,7aa41064750f193ee7497eb78f82cb3a45a761dbac14b7a146246b4dcfc3c434,Pass,Reviewed,Approved
058,058-compilation-stages-lexical-analysis-to-object-code.md,Lesson 058: Compilation stages: lexical analysis to object code,4d0b44204e17ba6e86a1629b8964e279e8f0e07c70c28c540d8dfdda7597b923,19bdaa5312689bf00d0fcaf390b5af74d62878082ff8aa66fedd2a64c88efb69,Pass,Reviewed,Approved
059,059-linkers-loaders-and-libraries.md,"Lesson 059: Linkers, loaders and libraries",1db67e16cbda11a2a09cb0cd1a310790c459c6bce563c82a6a84f66c076da71d,853edeed3cae857d41e430ea93e6a9da410d3e895cc0382b233bdb6bb3ab9264,Pass,Reviewed,Approved
060,060-error-types-syntax-logic-runtime-and-translation-diagnostics.md,"Lesson 060: Error types: syntax, logic, runtime and translation diagnostics",56cdceb3b47236fe0610c6dd83f2e517dfbc7b13ead64e59abe56dd1525994f1,b1319963173b44211ccd782fe2e2e5d262d4fa5fe7b3b6c9ecb982503e87f0d1,Pass,Reviewed,Approved
061,061-choosing-translation-approaches-for-development-and-deployment.md,Lesson 061: Choosing translation approaches for development and deployment,320adb67943b80c364c11bcb47a7695f95672d9b5ee5ba4ca9f9d31b10b97f11,dc6d02e9eea0b50d1d0c7163de0acc2a55b0f9ebe8420be9d288c541859497eb,Pass,Reviewed,Approved
062,062-section-5-review-precise-software-comparisons.md,Lesson 062: Section 5 review: precise software comparisons,ff48c82a1143baa34c421d2abbeec60be8663dc2d345dd41a3c2376171c743b2,dc5ef4f9a9841cbde284354744b225bb3b46ff68c9e9bbcc41d5860341dcb1af,Pass,Reviewed,Approved
063,063-security-privacy-and-data-integrity.md,"Lesson 063: Security, privacy and data integrity",667255c06deed9b9ba2a4f8f4fa7c89e5a1ca595d5884785806590d324409496,0e08465cbbd6c72ac1dc02637a2e12d4de246da2aba6cfb58560e32eb0ff69c4,Pass,Reviewed,Approved
064,064-virus-spyware-anti-virus-and-anti-spyware.md,"Lesson 064: Virus, spyware, anti-virus and anti-spyware",2479f106242cb78a590db0175af2dbc7d97d192ab5b6c15bede4d27fb62fcadb,704cc5684758174335304bade77ccde3d8e7d50216de29d6cc1bfb2795cb3a5f,Pass,Reviewed,Approved
065,065-required-internet-threats-and-matching-risk-reduction-methods.md,Lesson 065: Required internet threats and matching risk-reduction methods,d3782a29da273241f7105ea316a3d85fdd95275f4ed71d9a046fae0ed74458e0,35fdb9e9642ed7e281b3da0d6401e4284c9328e94904db903e198c539cfed817,Pass,Reviewed,Approved
066,066-user-accounts-passwords-and-biometric-authentication.md,"Lesson 066: User accounts, passwords and biometric authentication",f221c0b32935b7e9256f2b17e301b580ef79d9062d0a121ff45d94a525e3d878,27cdcd0e8df5d5c2f0287a20890f1799ef9979bb8f0d023bc6e52d155c6b7a76,Pass,Reviewed,Approved
067,067-access-rights-and-encryption-as-data-security-methods.md,Lesson 067: Access rights and encryption as data-security methods,b7eec3a86810933d0082c89c44dcd290a262124088a7f2af21ba4fb2818c8593,c4b31bc32ded54d783979e20cc3cc7a4ecac1ce07df63ddbd9c8d2e57f1237bd,Pass,Reviewed,Approved
068,068-digital-signatures-and-encryption.md,Lesson 068: Digital signatures and encryption,05bed2a4e87046df66249e09d15b76f353c169f642dd053ac29cbfd105fc8adc,a83dda2fe7733b1700b0fe609eb10ca5699ae9e6cd03eb51789ece7d9d6d8f0f,Pass,Reviewed,Approved
069,069-firewall-protection-from-a-stand-alone-pc-to-a-network.md,Lesson 069: Firewall protection from a stand-alone PC to a network,bc42edcae6e8bc2a5d8e2b4635f7c52caf294c1e2dd04401ff5ad8a153e58d2f,22aa6b03847b3a95e417d410d55b6f72282be2c41c56293ef9f01809248414dc,Pass,Reviewed,Approved
070,070-complete-validation-and-verification-methods.md,Lesson 070: Complete validation and verification methods,ef1c722a95c4a2a9bfb5bcde31001eca2d310fd128d9ceb00d47eaf5e4b92e01,05d106d39f75ce9947c53c94ab608b5a46031641bf925aea11bc7088753a8a96,Pass,Reviewed,Approved
071,071-backup-strategies-disaster-recovery-and-audit-trails.md,"Lesson 071: Backup strategies, disaster recovery, and audit trails",b01c2b40949007e37fc09e8adf19156e5c99c0e8890dcd864ec1bc3a775861b3,89a824bc86c6a941678e9483b06c25cc880a6b420e1d66710489cdcbda7687f8,Pass,Reviewed,Approved
072,072-section-6-review-matching-risks-to-controls.md,Lesson 072: Section 6 review: matching risks to controls,6c7750e5fde9ee57b0893a3d90b064b3d39faf1c43d229d9d86563e8ca701b73,ba3142bf3c983bec8a73889ea5cf62013247775b56d8787a774625c435a27114,Pass,Reviewed,Approved
073,073-professional-ethics-professional-bodies-and-ethical-decisions.md,"Lesson 073: Professional ethics, professional bodies and ethical decisions",5ed9322e99c5c07cd4c962ac1c67a35012724a7350031b7af33576ab4699ffe0,1db148bb1284c338760c12fe639fc071c3261d616a50fd0b3dfb80079e4d5870,Pass,Reviewed,Approved
074,074-privacy-surveillance-and-data-protection.md,"Lesson 074: Privacy, surveillance, and data protection",95b6b5b1d83d0fec319a5ea8fd499b0453c5794191c9ae9ae4d1645de3500ff6,8a2c7515e3189181040c6df962df930bbe6503bacc8bc50c4c04ed698b549eb0,Pass,Reviewed,Approved
075,075-copyright-legislation-fsf-osi-and-licence-permissions.md,"Lesson 075: Copyright legislation, FSF, OSI and licence permissions",c6436ea3959dec26adfea3e19b6e2aec6ad9c3782872d8f1c56c763c816334b7,096584b0016241327bc247c37a2d8c6951e6a7c710d2ede9bfaf00493778a691,Pass,Reviewed,Approved
076,076-shareware-and-commercial-licences.md,Lesson 076: Shareware and commercial licences,124a29df515efdffb686c4e2725edd9fd8d73e378e03a77a07f0c881c8c5b5bd,86bf7ecbeaa1bd3b3254e36f35f13d7b8103a934ef6f5a2435f7c1e255f5e2d1,Pass,Reviewed,Approved
077,077-ai-applications-and-impact-chains.md,Lesson 077: AI applications and impact chains,5664ccd900465d18bac5c48d594fd0f545c2666426bfac7495d024e59c4c08cd,cff2188e7ab56b346bff4602052583d98644b47b3e421267ff8c61d9475af676,Pass,Reviewed,Approved
078,078-section-7-required-content-checkpoint.md,Lesson 078: Section 7 required-content checkpoint,6ac1d3107dd4aa31cbff97c0d8ff981d06722cc6815da9a7a8beb86f11aaf654,c78f2118c60b342fe1e07a791550c2d5e6125fcb4059e5b39f7254e29f512c7a,Pass,Reviewed,Approved
079,079-file-based-limitations-and-relational-solutions.md,Lesson 079: File-based limitations and relational solutions,999ac85561fe36f6841042363e0b0f79bddcd35cd8b3b6b38d5ba36f87bbfdf3,3feecfed5db3ab78a6c17704e83d77977c8a60ad4326c7483fa6d123581065d9,Pass,Reviewed,Approved
080,080-relational-terminology-keys-and-relationships.md,"Lesson 080: Relational terminology, keys and relationships",d47d4f0bf1a2f51f0608c9fa95951b2fe8efdb2d7b6801601d799a6fb7986538,ab56d1bbe49eb338a1d3ced7f11bc2e80a2b0fe3b75f27a91751b604f17467e6,Pass,Reviewed,Approved
081,081-e-r-design-normalisation-and-dbms-features.md,"Lesson 081: E-R design, normalisation and DBMS features",89cd8a5e3a7b08f7cd97135a6e84db5997fe37d679b0ed709a2a06f85ad00b4d,eb11588c770eb2b0650ab7d53d159e9d02b80c90576b993a0a4c65172ad9e62b,Pass,Reviewed,Approved
082,082-primary-keys-foreign-keys-and-relationships.md,"Lesson 082: Primary keys, foreign keys and relationships",7bf9da292345d60412200b3f22d19e14e9603c98913971c56da03f0f1f35c2d7,0eff4c5f35bf0fe45a8721a2aac1faa4ee19667113be7366c54eb0369996d2f2,Pass,Reviewed,Approved
083,083-entity-relationship-modelling.md,Lesson 083: Entity-relationship modelling,fdfec1ec3659cbe6922a84dd40ccf92577e695241ced7682902af9f4114b4079,b1596e6383be35d81292062a7381674692ab57365266fee355a9757c5d778c1e,Pass,Reviewed,Approved
084,084-ddl-dml-and-sql-roles.md,"Lesson 084: DDL, DML and SQL roles",f8f8d5a9736084491c44f3d9031fe4324b768a2a340d6810e500f7d5a2f50358,4e61722b53e81302b199db8a77104bcca818b314d7b4bb084784186d8c8bd570,Pass,Reviewed,Approved
085,085-read-and-write-sql-statements-by-their-semantics.md,Lesson 085: Read and write SQL statements by their semantics,f6fd912e66a0281dbce4cc2471b7e80688486c3a5bf966129ae590c0ffcaf6d3,4ac4f7be3eaa7ed81d9fecd5ce18727b4afb3b1983deab863897634d1e85e33a,Pass,Reviewed,Approved
086,086-ddl-and-two-table-data-queries.md,Lesson 086: DDL and two-table data queries,d70c39c9e80b59f3f9f8c46868f934c9613a4f09979c38ad1a851d64221356af,87038bc0221da3e429ca7344977f6edf65a295d73c5f0ec683e508b50f776893,Pass,Reviewed,Approved
087,087-sql-joins-using-related-tables.md,Lesson 087: SQL joins using related tables,fb0ee0c6ab6f2a198fcb90ada066e24051b86c16571d02761a40f8bf3dd813d3,f88705228af551e13352efc3e2b57b0ded5fcd383776ba89589bc8635b456e86,Pass,Reviewed,Approved
088,088-insert-delete-and-update.md,"Lesson 088: INSERT, DELETE and UPDATE",393905306a31f4fddde78800298df84b689c2a460db08059e03c9c7675a40c7e,dbc32fca8d84635d6f639103b99a27d281373ad63950b3cc8db514a54d941c90,Pass,Reviewed,Approved
089,089-validation-verification-security-and-backup-in-databases.md,"Lesson 089: Validation, verification, security and backup in databases",d6f34010ac2d8e01deccbd58f20c38a2100c63fd6c87ad48ff8ff5f1a0a3f1f6,e8785e08caa3cb82fb903a99f2739750ab500204ee6bcac6639bb461e04287f0,Pass,Reviewed,Approved
090,090-section-8-required-content-checkpoint.md,Lesson 090: Section 8 required-content checkpoint,f5d06408389b6d22b3338fdf8bc043ad6088aebea9246b6d6e56f6c39a988b3a,356a9c7c4d25cc075f06d19e2b3eb3889fd7098b0d4beffa9cfc6fd0bfdcc3d4,Pass,Reviewed,Approved
091,091-paper-1-review-representation-and-communication.md,Lesson 091: Paper 1 review: representation and communication,dc5fadf2d7c197bbc0c6f39f24f8b13b15138f69c05e1a6f5b7df92dbcf208d8,314e911c136d4cbf390613d13ff21f05800ca58f8a714dcf6b2291809e831aa3,Pass,Reviewed,Approved
092,092-paper-1-review-hardware-and-processor-fundamentals.md,Lesson 092: Paper 1 review: hardware and processor fundamentals,dca2c475ccf11e4a2cf8e53f6756b20dbe9a3d3c7a4d1d165ce9c6828d9bee02,303cba13d6fa2f3e8cd53d7c469269e2166d7eb376bfbbd1dd1efed773912411,Pass,Reviewed,Approved
093,093-paper-1-review-system-software-and-security.md,Lesson 093: Paper 1 review: system software and security,4d084aebeb7a8aefa4c7bd086f88b54d219b3488b2ed000485dc92f010a818b5,3aa67c63f1f19e0cdd020b143fff9dfde43d49a4c183340f2ad24c06875da9bf,Pass,Reviewed,Approved
094,094-paper-1-review-ethics-and-databases.md,Lesson 094: Paper 1 review: ethics and databases,aa5a48706818c1b89f7bee98e706fa6f48df4f95d0cb9d5f92c0d9a3f25600df,f9fd72aa356a1b917bae6bab7e0b4f20e7473833a451e36c0ed30c3a666f482a,Pass,Reviewed,Approved
095,095-paper-1-mixed-question-strategy.md,Lesson 095: Paper 1 mixed question strategy,4c8a43ee53684fb5bc7b960de9cbcf7776498cb4a5466dc11ba7c622e8be947a,af959a912c1de65ab55b09e6f4de68eb7dffba48dc588478a8e053fb3d0fb44a,Pass,Reviewed,Approved
096,096-paper-1-timed-short-answer-practice.md,Lesson 096: Paper 1 timed short-answer practice,ad81355c86646cc077763c67b324e26a2c937762793ec9d663db401e90592e73,11f93d2fcb8d76cd2fca70fb2c9fdb24bd4ac1a767580e37411e043a4bd26a14,Pass,Reviewed,Approved
097,097-paper-1-extended-response-practice.md,Lesson 097: Paper 1 extended-response practice,8bb3e9b91fb64c5e837b15efcf8d5c9f6457e324cb917ce8ebc0d6128f0be296,5e95590866cca582842e04b5ca8506458ff6378a2f2d95a6c26b33aa4d279835,Pass,Reviewed,Approved
098,098-paper-1-mock-review-and-correction-clinic.md,Lesson 098: Paper 1 mock review and correction clinic,a76b4226eeade4e05a0bf1680329616853cd1a20e44a5faf254656a42b31da20,96116b03bd497d0ea2e5e3e86dcdaa76af2c05b1ac1a6e47209fe02aeafcced1,Pass,Reviewed,Approved
099,099-abstraction-and-decomposition-into-program-modules.md,Lesson 099: Abstraction and decomposition into program modules,658d8e0a0df512e3f451b7041df1e259f527f174608433b358a90ccb2828b2ae,b4fd0afa75b885333a390b9ccae29d2ffde2af460de8309249059b5ba3dfa377,Pass,Reviewed,Approved
100,100-algorithms-ipo-solutions-and-identifier-tables.md,"Lesson 100: Algorithms, IPO solutions and identifier tables",a3fca50af698ee6372239cf351b7000b68dcc330448c945d8a829e19b7bf7fea,e25cbae01e3c085b53ebd73e31d90823c657e9a140d015c275d58dbae747c965,Pass,Reviewed,Approved
101,101-sequence-selection-and-iteration.md,"Lesson 101: Sequence, selection and iteration",ccc9133eae43d5253eda18f579c262e4856fe2a66c6571b496e4c4db47b7a31a,ff6defbbce5e175c4d854da521d7342ceb47f585c54fc1ce470f2b565f16d6a1,Pass,Reviewed,Approved
102,102-structured-english-flowcharts-and-pseudocode-conversion.md,"Lesson 102: Structured English, flowcharts and pseudocode conversion",65c7917e7535b9e689158d4ac5dca111586dcdc9c4c16a395177f925f6544c87,1e1d4e0039311b476376a0bf3686f2bfbb3d9c686e2c99c7aa3dcf2c986543c3,Pass,Reviewed,Approved
103,103-stepwise-refinement-from-ipo-design-to-modules.md,Lesson 103: Stepwise refinement from IPO design to modules,d21643b27b2b3cba01d9283a12cad67400bbd4e872998595966fa3d46f59a973,2f0047a7eb585dfa3ebe777a3f8a64a6df4404674ba55955eb43f2eabd2b72c0,Pass,Reviewed,Approved
104,104-logic-statements-define-parts-of-an-algorithm.md,Lesson 104: Logic statements define parts of an algorithm,51f13aa163459d3419f6119562fa4526efceb271cb471857fa093f6362a51407,e87bbc5c15175409626c71177c1d60dbac1a5c2235d0a672261c146ecef2f0b9,Pass,Reviewed,Approved
105,105-linear-search-and-binary-search.md,Lesson 105: Linear search and binary search,8038c1bdf227889d310b5088433a83aed9a571318bbbf694b03f41fb2fa8cb4c,5d1ce9c014943978d7ef92fd63c5efaa76aa9589e993da985c8a0851565547f6,Pass,Reviewed,Approved
106,106-bubble-sort-and-insertion-sort.md,Lesson 106: Bubble sort and insertion sort,ce44f929cd76dd89b3d815bbe45054c9df31ba4288f79af4cfb732ae7d26b41d,18ca64b714b406e99e97d7d8f443438ed0e27668ea64373c0b515ac40a441bcf,Pass,Reviewed,Approved
107,107-maximum-minimum-count-and-total.md,"Lesson 107: Maximum, minimum, count and total",9c08ceb177978987cffa39dd2fd108f440c64cb64bb893f984f2bd3155bd4f63,b711842284bd41457f24ac717445a45ddcee25f22ae4843e1ddbf6dbcb9f51de,Pass,Reviewed,Approved
108,108-string-processing-algorithms.md,Lesson 108: String-processing algorithms,07f36f7ecd2c9de2a23a291a4e6ba7dd2c4302c9a83647a199b72c0932b426fe,331988ac05f3a24bd45ba10a4bda7507afcac587b4b4df19aaabdd4339fae863,Pass,Reviewed,Approved
109,109-nested-loops-and-table-style-problems.md,Lesson 109: Nested loops and table-style problems,ce036f2f601a1b6d5047b4a85faea99570b63630d74de91286a369c9de783c56,05b319ff7b96aebdea6e2d8f0ed91e91d93ba3f64ff950df6fe20747cf7e48fd,Pass,Reviewed,Approved
110,110-algorithm-efficiency-at-as-level.md,Lesson 110: Algorithm efficiency at AS level,479ce2b1c2b9d56d51b4a5337a9341db0a06e871e7fe5dfbcd776d64d23677cd,24701f778970458366f4556a1fbcc0a9c004ffbdc06675a93593c82b434b7a0f,Pass,Reviewed,Approved
111,111-cambridge-pseudocode-conventions-and-exam-readability.md,Lesson 111: Cambridge pseudocode conventions and exam readability,19765b1ffcea2948cfe85bd2174b522246c7c738ef37fb1533dcb292e8a21fa0,4ace807b074055df6e359f73ec018b069672070a2ac4dd6a31903a7a7431a3f4,Pass,Reviewed,Approved
112,112-designing-algorithms-from-word-problems.md,Lesson 112: Designing algorithms from word problems,d089c7ed04ceed2d342bcf6abdc679b388936e081e4cc9aa3d9230400935ce8f,6832dc4692b9bf06d1e8bb21f153095f9d7641b5f8667d77713cbfe9714d63fb,Pass,Reviewed,Approved
113,113-section-9-required-content-checkpoint.md,Lesson 113: Section 9 required-content checkpoint,900b79d1785f6431b961bb1669d17ee0db8c7aab7e3e9ac132ad74b605c8c2de,6438a5eaba336d5db558b891aceb31da3f41aff3fe30f0f30afd11f3cf95a912,Pass,Reviewed,Approved
114,114-select-and-use-the-official-cambridge-data-types.md,Lesson 114: Select and use the official Cambridge data types,3804e453fba78647f668182b0d9af5c467ce43bf2c94c80a7f568a697b24937f,623ce89b5c70e2d044c3bd1577bd6f33963e644d56965ab58d98f505c53a27b6,Pass,Reviewed,Approved
115,115-define-read-and-save-record-data.md,"Lesson 115: Define, read and save record data",804cc8ac43946c851463b43e407faa050e548caf44c23f6ef050b4b234f59b93,d3d6fff8bef5c994cfbf419194fe89173ae08aad1ed0b227148e674c91b2f01b,Pass,Reviewed,Approved
116,116-array-terminology-selection-and-one-dimensional-pseudocode.md,"Lesson 116: Array terminology, selection and one-dimensional pseudocode",0f9b6bc211ef60fab58f8ece01c94505e348c6f77a9697f5d94e0b670f9a7502,40ec5ab83a697a55d85594710501ad4bfcb7d8610d5b492f3c25bfd1b635cbc5,Pass,Reviewed,Approved
117,117-select-and-write-two-dimensional-arrays.md,Lesson 117: Select and write two-dimensional arrays,a4d8c9424eac143bb3e39da77ada2d3536cc0f76cc861f07c9940b6510fe0bf0,1ca30da9dfe6768d5c05c36e7cabef22238b67dcd965858113947b1e971614e3,Pass,Reviewed,Approved
118,118-array-model-required-by-search-algorithms.md,Lesson 118: Array model required by search algorithms,548aafa959a636b83cab7c01959f55eea2f05f9fd1c8df73b06c26732a86c4c9,f14cd606aa065d1e5da0f66a79c58756d6c530b6e6d429daf22aa97ecac19f3d,Pass,Reviewed,Approved
119,119-write-linear-search-and-bubble-sort-algorithms.md,Lesson 119: Write linear-search and bubble-sort algorithms,bae8863c9325a3d8e7250be1d43d539ba59c0494259877c1b3fbe8a8fa0c9697,65691f38ea61a0410d3ce4a4574fe5b9980cf15ef60a3cb8ff3ed4bafed96b48,Pass,Reviewed,Approved
120,120-why-files-are-needed-and-how-text-file-pseudocode-works.md,Lesson 120: Why files are needed and how text-file pseudocode works,9f749bb02fd297d510c9c45e495e1e7c90142a1b89b92ce4b8f7941bdf650221,b001ab5fa0aa9257597074a684b91a1685702049dd2d60a958f70b8dbcdceb00,Pass,Reviewed,Approved
121,121-abstract-data-types-and-array-based-operations.md,Lesson 121: Abstract data types and array-based operations,4561e5521e8025a5fabfd14b110c7fd41b7d67109b54440c18011fc50895b388,7d6cbc7222513ee4c32d65d3a2954b2c13785156519d059274a36af068ada348,Pass,Reviewed,Approved
122,122-choosing-stack-queue-or-linked-list.md,"Lesson 122: Choosing stack, queue or linked list",645633026eea2128ad487506e175e70f9d716e2f71930177b709c38ff7139039,0948c30e39f88b354b61c62ef4b463e23fcf924549123429e83009ccaa83864d,Pass,Reviewed,Approved
123,123-stacks-and-queues-as-abstract-data-types.md,Lesson 123: Stacks and queues as abstract data types,b72e4136b8122b8167c8fced803fc4a0dfc34bf8ee6a2fccd56c7122acf4d0ca,70d8f554b3769ba14f2fe10b723bf5befec3a1fb7a452bbc41520d8ca49be9c9,Pass,Reviewed,Approved
124,124-choosing-appropriate-data-structures.md,Lesson 124: Choosing appropriate data structures,72a263326abc754892111d9a779857c62c3be36d047c089589064c264af1d9e1,91a5f8aae91e94470bb9588c3c007353657df2f375dfdc44878f97a2f3350fbf,Pass,Reviewed,Approved
125,125-pseudocode-data-declarations-vs-java-declarations.md,Lesson 125: Pseudocode data declarations vs Java declarations,33751f6a74403b2c36689b48d4d55d4b42d6f2504377b32931c52412a3c37ff3,516365487c991f97d420c95670a3c9360c9bf4d84e70a3f43b7bd45feea9e3a2,Pass,Reviewed,Approved
126,126-section-10-review-data-modelling-in-algorithms.md,Lesson 126: Section 10 review: data modelling in algorithms,3a1989635f09e98673114a77537a2cc3ec7dd0b150dad7362b57ef29701afafb,dd6157218121a88a87a76a6febd1992bced525f5298c0f2caa3b03cbd52f3afd,Pass,Reviewed,Approved
127,127-translate-descriptions-into-cambridge-pseudocode.md,Lesson 127: Translate descriptions into Cambridge pseudocode,063c57abbfec916cda448d1a7df91483a31f6230f4dbe4473a771f0d1d347618,7501ac34e7c67d2b8192868de04b4a51ef5fee6f06fbdbe17881e1170c2cc444,Pass,Reviewed,Approved
128,128-complete-cambridge-pseudocode-statements.md,Lesson 128: Complete Cambridge pseudocode statements,e790388d8a9164bae59785186ccf0bc091df4f90d5f808bddded383d0b9b05a4,21096c389bd303cd0203a63166902adc1b5d60cf11bb52aef472324637425afc,Pass,Reviewed,Approved
129,129-use-supplied-built-in-and-library-routines.md,Lesson 129: Use supplied built-in and library routines,afd345f5d0d5fe56c488b7f91078dddada6eeea11110bf9fa65d3f64d5a99677,f507eb80d1332d6349efe4643c7b57b7bd4d502fd5b5014ba3df02e87ff855a2,Pass,Reviewed,Approved
130,130-selection-and-loop-structures.md,Lesson 130: Selection and loop structures,0b15579fd4a3538e39b8c62916a5fe549bdf3dd16e2a14b6230db747706488b2,75c3b53b96b8c767b2ccc41612f6ff6321097a50d80c354c04aec3b32c5918d0,Pass,Reviewed,Approved
131,131-procedures-functions-and-their-interfaces.md,"Lesson 131: Procedures, functions and their interfaces",1ae4ddfa6ef7dffb1673850e8cd57baa678b13babcbc5f6d83fcf9adf2d4199c,2950ac730af4391dbf383817627d239e04fe39a6040b772649a44894bea322af,Pass,Reviewed,Approved
132,132-parameters-by-value-and-by-reference.md,Lesson 132: Parameters: by value and by reference,54bbe22401977b0dc2d7c21c53db21ca011f79594c8b45c1ad943011178560ab,9b526c1223cf7ca79fe72ec9a4f12c795a4d31c9465cd83dfa7a4fc6dce6d8ff,Pass,Reviewed,Approved
133,133-scope-lifetime-and-local-global-variables.md,"Lesson 133: Scope, lifetime, and local/global variables",3312784c2c844f452b99ab7d52edfa5d016d9a4b07eb073afcb184abb30efcc3,d1e4d078e63f7770db7e238bdfd6d15c58339d893a9dd157bc7caecdf939ca07,Pass,Reviewed,Approved
134,134-clear-and-efficient-cambridge-pseudocode.md,Lesson 134: Clear and efficient Cambridge pseudocode,b440cbfe3405c0dc3ee3d5e3d178817ea5eb85861d9eef85f7a28561c9265ff9,334d7ecb8a3bb9ccd5121b0d2ce3680644a323d41f0f9cf4ffc8cae6394b84d6,Pass,Reviewed,Approved
135,135-arithmetic-operators-integer-division-and-mod.md,"Lesson 135: Arithmetic operators, integer division, and MOD",ec2c25cdc9d3fc5016120c95de7b2f3eddb570f310d91513e016f6ca0dc40435,8a61e70168115dc801edf1f95ad787233785b39a3642dea7faeee4c3f5657f53,Pass,Reviewed,Approved
136,136-input-and-output-formatting.md,Lesson 136: Input and output formatting,a402388652a4af9233dfdd5386022bd9c2ed6311e02fababe8136f1a72d35ee3,5c26d91086d2bbd401c927c327eae743b8f166daba95d28d811ea8c2e7ec8d87,Pass,Reviewed,Approved
137,137-file-handling-patterns-in-pseudocode-and-java.md,Lesson 137: File handling patterns in pseudocode and Java,1aec3a0dc35ca2bf7333b92a7f59d5795f32f6a7880fbe24f986611df4b138ba,5181b519990fd00f09bef95e6a8a896274995dacdd20e2134049e385f7eadc1d,Pass,Reviewed,Approved
138,138-testing-with-normal-abnormal-and-extreme-boundary-data.md,"Lesson 138: Testing with normal, abnormal, and extreme/boundary data",49d4b2a18e2b8eee193e771ff795be724cfa3ee3dfb8cce1f1ad977433b50f01,0cf7991c5d64c07f40248fa8b7bf22038b5e653d86bd6f6eaaf05cb46504407a,Pass,Reviewed,Approved
139,139-debugging-using-traces-and-breakpoints.md,Lesson 139: Debugging using traces and breakpoints,c539784e021de265a6a55a507c5e0ae0197bd48bb10541f5d9446ae96b184e4a,3cb679baab63df9879716f56728dffa050f8cc4f8d7213e2b30575fdee034db1,Pass,Reviewed,Approved
140,140-robust-program-design-validation-and-modularity.md,Lesson 140: Robust program design: validation and modularity,10a0577f9de67139901bd530a494afb6e67a800c537c81debf9e80f6b061eec7,410be29aa12466f8ea547e79c3b981e4159778c571c1786a13eb2578c34a0717,Pass,Reviewed,Approved
141,141-converting-java-habits-into-cambridge-pseudocode.md,Lesson 141: Converting Java habits into Cambridge pseudocode,a1bfa1890b10ffbc86b511b88b6db445cc9e27d1ca1968207b382ca098da49d1,afbd29e1c7a379bfb0cf5ea397fd2e37a4f52a93367388f40ac62dc6da54251a,Pass,Reviewed,Approved
142,142-section-11-review-writing-complete-program-fragments.md,Lesson 142: Section 11 review: writing complete program fragments,ca4e8c1df387f21ba768aec03fb2b8605315739fb384cc89533e057676051561,c4ab23e620f565187990bfed574f8eea52a2fde012671434056e1bf7f29940cc,Pass,Reviewed,Approved
143,143-lifecycle-models-purpose-and-limitations.md,"Lesson 143: Lifecycle models, purpose and limitations",51bd4eb743a11fc987ab5def2612624fd87b09921cfc95f47dd647ec8b732c1f,52fe6997b33c092ae16d56bc0e90207cad18bedd859b1e64a2e9aae7f20fc243,Pass,Reviewed,Approved
144,144-structure-charts-and-the-purpose-of-state-transition-diagrams.md,Lesson 144: Structure charts and the purpose of state-transition diagrams,0f175d3aeee15693fa3ed429d4951a0b7f40cb01e39e639890908b2c8a9c9b7f,c2db8bee2835ab4430dba5d7aa3a95000e16a7c2eefc459cd0f8a184b0eba620,Pass,Reviewed,Approved
145,145-expose-locate-and-correct-program-errors.md,"Lesson 145: Expose, locate and correct program errors",a8da20eaa5c2781d024fdc4e9792df80586e00b2818d23c7dc883b8f22aa6b7c,f2ffeecc45f7846442fe32e876e5da621226091b9f6c445052a366afc3217f24,Pass,Reviewed,Approved
146,146-testing-maintenance-and-enhancement.md,"Lesson 146: Testing, maintenance and enhancement",6a1040f222531538387290c9ff7d630f2c71c0b5e447c6cf2c7f50484f79303d,14bd5fc7138fcf4f345666e3a3021eddcfc9a489c887774472ea103e82fd6886,Pass,Reviewed,Approved
147,147-section-12-review-software-development-case-study.md,Lesson 147: Section 12 review: software development case study,996ed3b1700123aa6113c82eb789b27a1f3ba135b139e81aa8b2aa6f662a2af4,8793040db7a3d187efdd8aee8bb4c9dfaaf110473cf63f401d27037deaeea4a4,Pass,Reviewed,Approved
148,148-paper-2-review-algorithm-design-and-data-structures.md,Lesson 148: Paper 2 review: algorithm design and data structures,0eb87e92b29c05d33075899d0c2b3f8a5dd795a7cb6f574b78a71fdd79aee130,dbaeec0cd5e13f1ff25de23c9bccf944f1b2bff452375d160e66add295a4e80f,Pass,Reviewed,Approved
149,149-paper-2-review-programming-constructs-and-file-handling.md,Lesson 149: Paper 2 review: programming constructs and file handling,c441d50086466991cda1cdbc22e73f337346817b193d21f709e3fb0d475caa16,479498be42554d3578e29dff0e02401ca03eb2d815636e6e5bd2091965a5b25d,Pass,Reviewed,Approved
150,150-paper-2-timed-pseudocode-practice.md,Lesson 150: Paper 2 timed pseudocode practice,4eebfb2d4ef59673c07c8faee71c8cd1f89e1278d5858465829f93f3ae3bb29e,7ec57d1e4c81a22b9287e0216220dd709e0a91f91ce9223d319addcd60664266,Pass,Reviewed,Approved
151,151-paper-2-mock-review-and-correction-clinic.md,Lesson 151: Paper 2 mock review and correction clinic,4eadea8d39710cfa92180fab677dd965c1e614daa503a455d0f31dfd31b7e400,fd9e7e5032b77c349754ce3f892dce0f9e4f78de5e5b2847bc97e0c60f2e3535,Pass,Reviewed,Approved
