requirement_id,section,official_requirement,official_notes,teaching_lessons,delivery_role,required_groups,worked_example_evidence,practice_evidence,assessment_evidence,prerequisites,risk_level,forbidden_pattern_count,current_gate_status,current_gate_messages,independent_semantic_status,defect_ids,release_status
S1.01,1,Show understanding of binary magnitudes and the difference between binary prefixes and decimal prefixes.,"Use and distinguish kibi/kilo, mebi/mega, gibi/giga and tebi/tera; binary prefixes use powers of 1024 and decimal prefixes use powers of 1000.",1,CORE,10,L001#stage2-completion,L001#stage2-practice,L001-Q2;AQ005-Q1,,High,0,Complete,,PendingIndependentSemanticReview,,NotReady
S1.02,1,"Show understanding of binary, denary and hexadecimal number systems, BCD, and one's- and two's-complement representations.","The Version 2 row requires binary, denary, hexadecimal, Binary Coded Decimal (BCD), one's complement and two's complement; BCD and complements are representations rather than additional number bases.",2;3;5;6,CORE,6,L002#stage2-completion,L002#stage2-practice,L003-Q1;L005-Q4;AQ011-Q1,,High,0,Complete,,PendingIndependentSemanticReview,,NotReady
S1.03,1,Convert an integer value from one required number base or representation to another.,"Conversions apply to integer values and the binary, denary, hexadecimal, BCD, one's-complement and two's-complement representations named in the preceding Version 2 row.",2;3;5;6,CORE,8,L002#stage2-completion;L005#stage2-completion,L002#stage2-practice;L005#stage2-practice,L002-Q1;L003-Q1;AQ011-Q1;L005-Q1,S1.02,High,0,Complete,,PendingIndependentSemanticReview,,NotReady
S1.04,1,Perform binary addition and subtraction using positive and negative binary integers.,Version 2 explicitly requires both addition and subtraction using positive and negative binary integers; fixed-width representation must be retained throughout a calculation.,4;5,CORE,5,L004#stage2-completion,L004#stage2-practice,L004-Q1;L005-Q5;AQ005-Q4,S1.02,High,0,Complete,,PendingIndependentSemanticReview,,NotReady
S1.05,1,Show understanding of how overflow can occur in fixed-width binary arithmetic.,Overflow occurs when the mathematical result is outside the range representable by the stated bit width and representation; it is not inferred from every internal carry or from a leading 1 alone.,4,CORE,3,L004#stage2-completion,L004#stage2-practice,AQ005-Q4,S1.04,High,0,Complete,,PendingIndependentSemanticReview,,NotReady
S1.06,1,Describe practical applications where BCD and hexadecimal are used.,"Candidates must connect each representation to a practical use and explain why it suits that use, rather than only performing a conversion.",6,CORE,4,L006#stage2-completion,L006#stage2-practice,AQ011-Q1,S1.02,Low,0,Complete,,PendingIndependentSemanticReview,,NotReady
S1.07,1,"Show understanding of character data in internal binary form using ASCII, extended ASCII and Unicode.","Students should understand ASCII, extended ASCII and Unicode but are not expected to memorise particular character codes.",7,CORE,6,L007#stage2-completion,L007#stage2-practice,L007-Q2;AQ011-Q2,,Low,0,Complete,,PendingIndependentSemanticReview,,NotReady
S1.08,1,Show understanding of how data for a bitmapped image are encoded; perform calculations to estimate the file size for a bitmap image; show understanding of the effects of changing elements of a bitmap image on the image quality and file size.,"Use and understand the terms pixel, file header, image resolution, screen resolution and colour depth/bit depth. Required effects concern image resolution and colour depth/bit depth.",8;9,CORE,7,L008#stage2-completion,L008#stage2-practice,L008-Q1;AQ011-Q3,S1.01,High,0,Complete,,PendingIndependentSemanticReview,,NotReady
S1.09,1,Show understanding of vector-graphic encoding and justify bitmap or vector storage for a given task.,"Use drawing object, property and drawing list; a justification must connect bitmap/vector characteristics to the stated application.",10,CORE,6,L010#stage2-completion,L010#stage2-practice,L010-Q1;L010-Q5,,Medium,0,Complete,,PendingIndependentSemanticReview,,NotReady
S1.10,1,Show understanding of how sound is represented and encoded; show understanding of the impact of changing the sampling rate and resolution.,"Use the terms sampling, sampling rate and sampling resolution. Explain the impact of changing sampling rate and sampling resolution on file size and accuracy; sound-file-size calculation is not stated as a compulsory requirement.",11,CORE,7,L011#stage2-completion,L011#stage2-practice,L011-Q5;AM021-Q5,S1.01,High,0,Complete,,PendingIndependentSemanticReview,,NotReady
S1.11,1,"Show understanding of the need for and examples of file compression; show understanding of lossy and lossless compression and justify a method for a given application; show understanding of how a text, bitmap, vector graphic and sound file can be compressed.",Run-length encoding (RLE) is the named example in the adjacent Notes and guidance.,13,CORE,8,L013#stage2-completion,L013#stage2-practice,L013-Q5,S1.08;S1.09;S1.10,High,0,Complete,,Fail,SCI-CONT-001,Blocked
S2.01,2,Show understanding of the purpose and benefits of networking devices and the characteristics of LANs and WANs.,A LAN covers a limited area and is normally managed by one organisation; a WAN connects sites across a large area and commonly uses provider infrastructure. Benefits must identify a shared or centrally managed resource and its consequence.,17,CORE,6,L017#stage2-completion,L017#stage2-practice,L017-Q1;AQ021-Q1,,Medium,0,Complete,,PendingIndependentSemanticReview,,NotReady
S2.02,2,"Explain client-server and peer-to-peer models, their computer roles, benefits and drawbacks, and justify a model for a given situation.","Evidence must cover the different computer roles in each model, balanced benefits and drawbacks, and a scenario-linked choice; a topology cannot substitute for a network model.",17,CORE,7,L017#stage2-completion,L017#stage2-practice,L018-Q3,,Medium,0,Complete,,PendingIndependentSemanticReview,,NotReady
S2.03,2,Show understanding of thin-client and thick-client computers and the differences between them.,"Thin/thick describes where processing, software and storage reside; it must not be treated as a synonym for client-server/peer-to-peer.",17,CORE,4,L017#stage2-completion,L017#stage2-practice,AQ021-Q2,S2.02,Low,0,Complete,,PendingIndependentSemanticReview,,NotReady
S2.04,2,"Show understanding of bus, star, mesh and hybrid network topologies.",All four named topologies are required. A hybrid combines two or more topology patterns; it is not merely a large network.,18,CORE,4,L018#stage2-completion,L018#stage2-practice,AR027-Q2,,Medium,0,Complete,,PendingIndependentSemanticReview,,NotReady
S2.05,2,Explain how packets are transmitted between two hosts for a given topology and justify topology choice for a given situation.,"Packet or signal paths must be explicit for bus, star, mesh and hybrid. A justification must link the path and failure behaviour to the scenario.",19,CORE,6,L019#stage2-completion,L019#stage2-practice,AQ021-Q3;AR027-Q2,S2.04,Medium,0,Complete,,PendingIndependentSemanticReview,,NotReady
S2.06,2,"Show understanding of public and private cloud computing, including the benefits and drawbacks of cloud computing.","Public refers to shared provider infrastructure, not unrestricted access to customer data. Private infrastructure is dedicated to one organisation but is not automatically secure.",20,CORE,5,L020#stage2-completion,L020#stage2-practice,L025-Q5,,Medium,0,Complete,,PendingIndependentSemanticReview,,NotReady
S2.07,2,Show understanding of the differences between wired and wireless networks and the implications of using each.,"Comparisons must connect physical cable or radio transmission to mobility, installation, interference, shared capacity, reliability or security in a stated use.",20,CORE,5,L020#stage2-completion,L020#stage2-practice,L023-Q2,,Medium,0,Complete,,PendingIndependentSemanticReview,,NotReady
S2.08,2,"Describe copper cable, fibre-optic cable, radio waves including WiFi, microwave and satellite transmission.","All named media are required. Explanations must include the signalling method or propagation condition and a use/limitation, not only relative speed.",20,CORE,6,L020#stage2-completion,L020#stage2-practice,L023-Q5;AQ026-Q2,,Medium,0,Complete,,PendingIndependentSemanticReview,,NotReady
S2.09,2,"Describe LAN hardware: switch, server, NIC, WNIC, WAP, cables, bridge and repeater.",Every named hardware category is required and must be distinguished by its role; a combined consumer device does not merge the logical functions.,21,CORE,7,L021#stage2-completion,L021#stage2-practice,L024-Q3,,Medium,0,Complete,,PendingIndependentSemanticReview,,NotReady
S2.10,2,Describe the role and function of a router in a network.,A router connects different networks and forwards packets using destination IP addresses and routing information; providing WiFi is not the defining role.,21,CORE,5,L021#stage2-completion,L021#stage2-practice,L024-Q2;AQ026-Q3,,Medium,0,Complete,,PendingIndependentSemanticReview,,NotReady
S2.11,2,Show understanding of Ethernet and how collisions are detected and handled using CSMA/CD.,"Carrier sensing occurs before transmission; collision detection occurs after transmission begins. A collision causes stop/jam, random backoff, sensing and retry.",21,CORE,6,L021#stage2-completion,L021#stage2-practice,AR027-Q1,S2.01,Medium,0,Complete,,PendingIndependentSemanticReview,,NotReady
S2.12,2,"Show understanding of bit streaming, including real-time/on-demand methods and the importance of bit rate and broadband speed.",A buffer absorbs short variation but cannot repair a sustained connection rate below the media bit rate. Real-time means live; on-demand means stored content selected by the user.,21,CORE,6,L021#stage2-completion,L021#stage2-practice,L026-Q4;AQ026-Q5,,Medium,0,Complete,,PendingIndependentSemanticReview,,NotReady
S2.13,2,Show understanding of the differences between the World Wide Web and the internet.,The internet is interconnected network infrastructure and protocols; the WWW is one service of linked resources accessed over that infrastructure.,21,CORE,3,L021#stage2-completion,L021#stage2-practice,AQ026-Q4,,Low,0,Complete,,PendingIndependentSemanticReview,,NotReady
S2.14,2,"Describe internet-supporting hardware and connections, including modems, PSTN, dedicated lines and cell phone networks.","A modem adapts data to access-link signalling. PSTN, dedicated lines and cell phone/cellular networks are distinct connection methods and all are compulsory examples.",21,CORE,6,L021#stage2-completion,L021#stage2-practice,AQ026-Q1,,Medium,0,Complete,,PendingIndependentSemanticReview,,NotReady
S2.15,2,"Explain IP-address use, including IPv4/IPv6 format, subnetting, device association, public/private and static/dynamic addresses, and security implications.",IPv4 is 32-bit and IPv6 is 129-bit. An address is associated with a network interface on a network. Private addressing reduces direct public reachability but does not guarantee security.,21,CORE,11,L021#stage2-completion,L021#stage2-practice,L027-Q4,,Medium,0,Complete,,PendingIndependentSemanticReview,,NotReady
S2.16,2,Explain how a URL locates a WWW resource and the role of DNS.,"A URL may contain scheme, domain, optional port, path and optional query/fragment. DNS resolves the domain name to an IP address; it does not resolve the path or store the resource.",21,CORE,7,L021#stage2-completion,L021#stage2-practice,L027-Q5,S2.15,Medium,0,Complete,,PendingIndependentSemanticReview,,NotReady
S3.01,3,"Explain the need for input, output, primary storage, secondary storage and removable storage.","Show understanding of the need for input, output, primary memory and secondary storage, including removable storage.",28,CORE,5,L028#stage2-completion,L028#stage2-practice,L028-Q1;L028-Q3;AQ031-Q1,,Medium,0,Complete,,PendingIndependentSemanticReview,,NotReady
S3.02,3,Understand embedded systems and their benefits/drawbacks.,"Show understanding of embedded systems, including their benefits and drawbacks.",29,CORE,4,L029#stage2-completion,L029#stage2-practice,L034-Q4;AQ036-Q3,,Medium,0,Complete,,PendingIndependentSemanticReview,,NotReady
S3.03,3,"Describe principal operation of laser printer, 3D printer, microphone, speakers, HDD, flash memory, optical reader/writer, touchscreen and VR headset.","Describe the principal operations of: laser printer, 3D printer, microphone, speakers, magnetic hard disk, solid state (flash) memory, optical disc reader/writer, touchscreen and virtual reality headset.",30;31,CORE,9,L030#stage2-completion,L030#stage2-practice,L030-Q2;L032-Q4;AQ031-Q2;AQ036-Q1,S3.01,Medium,0,Complete,,PendingIndependentSemanticReview,,NotReady
S3.04,3,Understand why buffers are used.,"Show understanding of the use of buffers, including temporary storage used to manage different producer and consumer rates.",31,CORE,3,L031#stage2-completion,L031#stage2-practice,AQ031-Q3,,Low,0,Complete,,PendingIndependentSemanticReview,,NotReady
S3.05,3,Distinguish RAM and ROM.,"Explain the differences between RAM and ROM, including their use in a range of devices and systems.",31,CORE,2,L031#stage2-completion,L031#stage2-practice,L041-Q4,,Low,0,Complete,,PendingIndependentSemanticReview,,NotReady
S3.06,3,Explain uses of SRAM and DRAM and reasons for each use.,"Explain the differences between SRAM and DRAM, including their uses in a range of devices and systems and the reasons for choosing one instead of the other.",31,CORE,4,L031#stage2-completion,L031#stage2-practice,AR041-Q1,S3.05,Low,0,Complete,,PendingIndependentSemanticReview,,NotReady
S3.07,3,"Understand PROM, EPROM and EEPROM.","Explain the difference between PROM, EPROM and EEPROM, including how each can be programmed or erased.",31,CORE,3,L031#stage2-completion,L031#stage2-practice,L041-Q5,S3.05,Low,0,Complete,,PendingIndependentSemanticReview,,NotReady
S3.08,3,"Distinguish monitoring and control; understand sensors, actuators and feedback.","Show understanding of monitoring and control systems, including the difference between monitoring and control, the use of sensors and actuators, and the importance of feedback.",32,CORE,5,L032#stage2-completion,L032#stage2-practice,L035-Q1;AQ041-Q5,,Medium,0,Complete,,PendingIndependentSemanticReview,,NotReady
S3.09,3,"Understand temperature, pressure, infrared and sound sensors and appropriate applications.","Required sensor types are temperature, pressure, infra-red and sound; teaching and assessment must connect each sensor to an appropriate application.",32,CORE,4,L032#stage2-completion,L032#stage2-practice,AQ036-Q4,S3.08,Medium,0,Complete,,PendingIndependentSemanticReview,,NotReady
S3.10,3,"Understand NOT, AND, OR, NAND, NOR and XOR; use symbols/functions/truth tables and convert among problem, expression, circuit and truth table.","Use the standard symbols and define the functions of NOT, AND, OR, NAND, NOR and XOR (EOR); all gates except NOT have two inputs. Construct circuits, truth tables and expressions from each of the other stated representations: problem statement, logic expression, logic circuit and truth table.",33,CORE,13,L033#stage2-completion,L033#stage2-practice,L036-Q2;L037-Q2;L038-Q2;AQ041-Q2,S1.02,High,0,Complete,,PendingIndependentSemanticReview,,NotReady
S4.01,4,Understand Von Neumann architecture and the stored-program concept.,Show understanding of the basic Von Neumann model and the stored-program concept: instructions are stored in binary in the same directly accessible memory as data and are fetched for execution.,42,CORE,5,L042#stage2-completion,L042#stage2-practice,L042-Q4;AQ046-Q3,,High,0,Complete,,PendingIndependentSemanticReview,,NotReady
S4.02,4,"Understand general- and special-purpose registers: PC, MDR, MAR, ACC, IX, CIR and status register.","Distinguish general-purpose and special-purpose registers and explain PC, MDR, MAR, ACC, IX, CIR and status-register roles. Cambridge assembly questions assume ACC is the available general-purpose working register.",42,CORE,11,L042#stage2-completion,L042#stage2-practice,L044-Q5;AQ046-Q2,S4.01,High,0,Complete,,PendingIndependentSemanticReview,,NotReady
S4.03,4,"Understand ALU, CU, clock and immediate access store (IAS).","Show understanding of the purpose and roles of the ALU, CU, system clock and Immediate Access Store (IAS). IAS is directly accessible memory for current instructions and data, not a register or cache.",42,CORE,7,L042#stage2-completion,L042#stage2-practice,L042-Q1,,Low,0,Complete,,PendingIndependentSemanticReview,,NotReady
S4.04,4,"Understand address, data and control buses.","Show how data are transferred between computer-system components using the address bus, data bus and control bus, including their directions and roles in read/write operations.",43,CORE,4,L043#stage2-completion,L043#stage2-practice,L045-Q2,S4.01,Low,0,Complete,,PendingIndependentSemanticReview,,NotReady
S4.05,4,"Understand processor performance factors: processor type, cores, bus width, clock and cache.","Show how processor type and number of cores, bus width, clock speed and cache memory can contribute to performance; no single factor guarantees faster execution for every workload.",43,CORE,5,L043#stage2-completion,L043#stage2-practice,L050-Q5,,High,0,Complete,,Fail,SCI-CONT-006,Blocked
S4.06,4,"Understand USB, HDMI and VGA ports.","Understand how ports connect peripheral devices, including Universal Serial Bus (USB), High Definition Multimedia Interface (HDMI) and Video Graphics Array (VGA), with accurate signal/use distinctions.",43,CORE,4,L043#stage2-completion,L043#stage2-practice,AQ046-Q4,,Low,0,Complete,,PendingIndependentSemanticReview,,NotReady
S4.07,4,Describe the fetch-execute cycle using register transfer notation.,"Describe the stages of the Fetch-Execute cycle and use register-transfer notation, including MAR <- PC, MDR <- Memory[MAR], CIR <- MDR and a coherent PC update.",44,CORE,2,L044#stage2-completion,L044#stage2-practice,AQ046-Q2,S4.01,High,0,Complete,,Fail,SCI-CONT-002,Blocked
S4.08,4,"Understand causes/applications of interrupts, ISR, detection and handling.","Include possible causes and applications of interrupts, the use of an Interrupt Service Routine (ISR), when interrupts are detected during the fetch-execute cycle and the full save-handle-restore sequence.",45,CORE,6,L045#stage2-completion,L045#stage2-practice,L049-Q1,S4.07,Low,0,Complete,,PendingIndependentSemanticReview,,NotReady
S4.09,4,Distinguish assembly language and machine code.,Show the relationship between assembly language and machine code: assembly is a processor-specific symbolic low-level form translated by an assembler into binary instructions defined by the target instruction set.,46,CORE,4,L046#stage2-completion,L046#stage2-practice,L046-Q4;AQ046-Q5,S4.01,High,0,Complete,,PendingIndependentSemanticReview,,NotReady
S4.10,4,Describe and apply the stages of a two-pass assembler.,Describe the different stages of a two-pass assembler and apply the process to a simple program: pass 1 assigns addresses/builds the symbol table and pass 2 translates with resolved symbols.,47,CORE,3,L047#stage2-completion,L047#stage2-practice,AQ051-Q1,S4.09,Low,0,Complete,,PendingIndependentSemanticReview,,NotReady
S4.11,4,Trace a simple assembly-language program.,"Trace a given simple assembly-language program by recording each executed instruction, register/memory/output changes and taken or not-taken control flow.",47,CORE,3,L047#stage2-completion,L047#stage2-practice,AQ051-Q2;L048-Q2,S4.09,High,0,Complete,,PendingIndependentSemanticReview,,NotReady
S4.12,4,"Understand instruction groups: data movement, input/output, arithmetic, conditional/unconditional branch and compare.","Group the specified instructions as data movement, input/output, arithmetic, unconditional branch, conditional branch and compare operations; classification must follow each instruction's official effect rather than an English guess from its mnemonic.",47,CORE,6,L047#stage2-completion,L047#stage2-practice,L047-Q1;AQ051-Q3,S4.09,High,0,Complete,,Fail,SCI-CONT-003,Blocked
S4.13,4,"Use the specified instruction set: LDM, LDD, LDI, LDX, LDR, MOV, STO, ADD, SUB, INC, DEC, JMP, CMP, CMI, JPE, JPN, IN, OUT and END.","Use the complete Version 2 instruction set with its specified operands and effects. In particular LDR #n loads IX, CMI <address> is indirect comparison, JPE follows a True comparison and JPN follows a False comparison.",47;48;49,CORE,19,L047#stage2-completion,L047#stage2-practice,L047-Q2;L047-Q4;AR052-Q1,S4.12,High,4,Complete,,Fail,SCI-CONT-003,Blocked
S4.14,4,"Understand immediate, direct, indirect, indexed and relative addressing.","Use immediate, direct, indirect, indexed and relative addressing. Relative addressing forms an address from a PC-based instruction address plus an offset; LDR #n remains immediate-to-IX, not relative.",48,CORE,6,L048#stage2-completion,L048#stage2-practice,L048-Q5;AQ051-Q2,S4.13,High,0,Complete,,PendingIndependentSemanticReview,,NotReady
S4.15,4,"Use AND, OR, XOR, LSL and LSR for bit manipulation, including testing/setting bits with masks.","Use AND, OR and XOR masks to test, set, clear and toggle bits, and apply logical, arithmetic and cyclic left/right shifts at a stated fixed width. Include device monitoring/control and distinguish discarded, sign-filled and rotated bits.",50,CORE,16,L050#stage2-completion,L050#stage2-practice,AQ051-Q4;AQ051-Q5;L051-Q1;L051-Q3,S1.02,High,0,Complete,,PendingIndependentSemanticReview,,NotReady
S5.01,5,"Explain why an operating system is required and its memory, file, security, hardware and process management roles.","The operating system is required to provide a platform and manage memory, files, security, hardware input/output and peripherals, and processes.",53,CORE,6,L053#stage2-completion,L053#stage2-practice,L054-Q5;AQ056-Q1,,High,0,Complete,,Fail,SCI-CROSS-001,Blocked
S5.02,5,"Understand disk formatter, antivirus, defragmentation, disk analysis/repair, compression and backup utilities.","Required utility categories are disk formatter, virus checker, defragmentation, disk contents analysis and repair, file compression and backup software.",54,CORE,7,L054#stage2-completion,L054#stage2-practice,AQ056-Q5,S5.01,Low,0,Complete,,PendingIndependentSemanticReview,,NotReady
S5.03,5,Understand libraries and benefits of dynamically linked library files.,"Software under development is often constructed using existing code from program libraries. Explain developer benefits, including the use of dynamically linked library files.",55,CORE,6,L055#stage2-completion,L055#stage2-practice,L059-Q3;AQ061-Q3,,High,0,Complete,,PendingIndependentSemanticReview,,NotReady
S5.04,5,"Explain why assembler, compiler and interpreter are needed.","An assembler translates assembly language, a compiler translates high-level language, and an interpreter translates and executes high-level language.",56,CORE,3,L056#stage2-completion,L056#stage2-practice,L057-Q5,,Low,0,Complete,,PendingIndependentSemanticReview,,NotReady
S5.05,5,Compare compiler and interpreter advantages/disadvantages and justify use.,"Explain the benefits and drawbacks of a compiler and an interpreter, and justify which translator is appropriate for a stated use.",56,CORE,4,L056#stage2-completion,L056#stage2-practice,L057-Q4;AR062-Q1,S5.04,Medium,0,Complete,,PendingIndependentSemanticReview,,NotReady
S5.06,5,Understand that Java is partly compiled and partly interpreted.,A high-level program may be partly compiled and partly interpreted; Java in console mode is the required example.,57,CORE,4,L057#stage2-completion,L057#stage2-practice,L061-Q4;AQ061-Q5,S5.04,Low,0,Complete,,PendingIndependentSemanticReview,,NotReady
S5.07,5,"Understand IDE features: context-sensitive prompts, dynamic syntax checking, prettyprint, expand/collapse, single-step, breakpoints, variable/expression inspection and report window.","IDE evidence must cover coding prompts; dynamic syntax error detection; prettyprint and expand/collapse presentation; and debugging with single stepping, breakpoints, variables, expressions and a report window.",57,CORE,14,L057#stage2-completion,L057#stage2-practice,L061-Q4;AQ061-Q2;AM061-Q4,S5.04,Low,0,Complete,,PendingIndependentSemanticReview,,NotReady
S6.01,6,"Distinguish data security, privacy and integrity.","Distinguish data security, data privacy and data integrity as separate concepts; evidence must not treat confidentiality, lawful/appropriate use and correctness/consistency as interchangeable.",63,CORE,3,L063#stage2-completion,L063#stage2-practice,AM081-Q1,,Medium,0,Complete,,PendingIndependentSemanticReview,,NotReady
S6.02,6,Explain the need for data and computer-system security.,Show appreciation of the need for both security of data and security of the computer system; evidence must explain why protecting one layer does not replace the other.,63,CORE,3,L063#stage2-completion,L063#stage2-practice,L063-Q2,,Medium,0,Complete,,PendingIndependentSemanticReview,,NotReady
S6.03,6,"Understand user accounts/passwords, digital signatures, biometrics, firewall, antivirus, anti-spyware and encryption as security measures.","Describe security measures for computer systems from a stand-alone PC to a network: user accounts, passwords, digital signatures, biometrics, firewall, anti-virus, anti-spyware and encryption are all required named evidence.",64;66;68;69,CORE,9,L064#stage2-completion,L064#stage2-practice,L064-Q5;L066-Q1;L066-Q2;AM081-Q2;AQ071-Q2;L069-Q1,,Medium,0,Complete,,PendingIndependentSemanticReview,,NotReady
S6.04,6,"Understand virus, spyware, hackers, phishing and pharming threats.","Show understanding of threats posed by networks and the internet, including malware (virus and spyware), hackers, phishing and pharming; all five named threats require direct evidence.",64;65,CORE,6,L064#stage2-completion,L064#stage2-practice,L064-Q5;L065-Q4;L065-Q2,,Medium,0,Complete,,PendingIndependentSemanticReview,,NotReady
S6.05,6,Understand restriction of access to data and computer systems as a risk-reduction method.,Describe methods that restrict the risks posed by threats to data and computer systems; evidence must match each control mechanism to the attack route and avoid claims of total prevention.,65;67;69,CORE,4,L065#stage2-completion,L065#stage2-practice,L067-Q3;AQ071-Q1;AR072-Q2,S6.02,Medium,0,Complete,,PendingIndependentSemanticReview,,NotReady
S6.06,6,Explain how encryption and access rights protect data.,"Describe security methods designed to protect data, including encryption and access rights; evidence must explain their different mechanisms and limitations.",67;68,CORE,4,L067#stage2-completion,L067#stage2-practice,L067-Q1;AQ071-Q2,S6.05,High,0,Complete,,PendingIndependentSemanticReview,,NotReady
S6.07,6,Describe how data validation and data verification help protect the integrity of data; describe and use methods of data validation.,"Validation and verification reduce input, copying and transfer errors and therefore help protect data integrity. Validation methods include range, format, length, presence, existence and limit checks, plus a check digit.",70,CORE,9,L070#stage2-completion,L070#stage2-practice,L070-Q1;L070-Q2;L070-Q4;AQ071-Q4,S6.01,High,0,Complete,,Fail,SCI-CONT-004,Blocked
S6.08,6,Understand verification: visual and double entry; parity byte/block and checksum.,"Describe and use verification during data entry (visual check and double entry) and during data transfer (parity check on a byte, block parity and checksum).",70,CORE,7,L070#stage2-completion,L070#stage2-practice,L070-Q3;L070-Q5;AQ071-Q5;AR072-Q1,S6.01,High,0,Complete,,PendingIndependentSemanticReview,,NotReady
S7.01,7,Show understanding of the need for and purpose of ethics as a computing professional.,"Version 2 requires both the need for professional ethics and its purpose; evidence must connect responsible professional decisions to public interest, competence and accountability.",73;78,CORE,3,L073#stage2-completion,L073#stage2-practice,AQ076-Q1;AR078-Q1,,Medium,0,Complete,,PendingIndependentSemanticReview,,NotReady
S7.02,7,"Show understanding of the importance of joining a professional ethical body, including BCS and IEEE.","Version 2 names BCS (British Computer Society) and IEEE (Institute of Electrical and Electronics Engineers). Evidence must teach why joining matters, not merely expand the abbreviations or mention a code.",73;78,CORE,7,L073#stage2-completion,L073#stage2-practice,AQ076-Q1;AR078-Q1,,Medium,0,Complete,,PendingIndependentSemanticReview,,NotReady
S7.03,7,Explain the need to act ethically and the impact of acting ethically or unethically for a given situation.,Version 2 requires scenario judgement plus consequences. Evidence must identify stakeholders and explain impacts of both ethical and unethical action; a label or generic list is insufficient.,73;78,CORE,4,L073#stage2-completion,L073#stage2-practice,L073-Q5;AR078-Q2;AM081-Q3,S7.01,High,0,Complete,,PendingIndependentSemanticReview,,NotReady
S7.04,7,Show understanding of the need for copyright legislation for software.,"Version 2 requires the need for copyright legislation, not only a definition. Evidence must connect protected software expression and restricted acts to enforceable permission, revenue or investment.",75;78,CORE,4,L075#stage2-completion,L075#stage2-practice,L075-Q3;AQ076-Q3,,Medium,0,Complete,,PendingIndependentSemanticReview,,NotReady
S7.05,7,Explain different software licensing types and justify a licence for a given situation.,"Version 2 explicitly includes the Free Software Foundation, Open Source Initiative, shareware and commercial software. All four must be taught; a scenario answer must justify permissions, restrictions, cost or support rather than choose by label alone.",75;76;78,CORE,6,L075#stage2-completion,L075#stage2-practice,AQ076-Q4;AQ076-Q5;L076-Q1;AM081-Q5,S7.04,High,0,Complete,,PendingIndependentSemanticReview,,NotReady
S7.06,7,"Show understanding of artificial intelligence, its applications and its social, economic and environmental impacts.","Version 2 requires applications of AI and impacts across all three named dimensions: social, economic and environmental. Evidence must connect an AI mechanism to stakeholder consequences, benefits, harms and a contextual judgement.",77;78,CORE,7,L077#stage2-completion,L077#stage2-practice,L077-Q5;AQ081-Q1;AQ081-Q2;AM081-Q3,S7.01,High,0,Complete,,PendingIndependentSemanticReview,,NotReady
S8.01,8,Explain limitations of file-based systems and how relational databases address them.,Version 2 requires both sides of the comparison: limitations of file-based storage/retrieval and relational-database features that address those limitations. Benefits must be linked to a mechanism rather than asserted generically.,79;90,CORE,7,L079#stage2-completion,L079#stage2-practice,L080-Q4;AM081-Q4,,High,0,Complete,,PendingIndependentSemanticReview,,NotReady
S8.02,8,"Understand entity/table, record/tuple, field/attribute, primary/candidate/secondary/foreign key, relationships, referential integrity and indexing.","Version 2 explicitly names entity, table, record, field, tuple, attribute, primary key, candidate key, secondary key, foreign key, one-to-one, one-to-many, many-to-many, referential integrity and indexing. Secondary key is retained as a distinct retrieval term, not an alias for an alternate candidate key.",80;90,CORE,17,L080#stage2-completion,L080#stage2-practice,AQ081-Q5;AQ086-Q1;L082-Q5,S8.01,High,1,Complete,,PendingIndependentSemanticReview,,NotReady
S8.03,8,Produce and interpret entity-relationship diagrams.,"Version 2 requires candidates to use an entity-relationship diagram to document a database design. Evidence must include entities, relationships and cardinality, not merely define entity and attribute.",81;90,CORE,2,L081#stage2-completion,L081#stage2-practice,L083-Q3;AQ086-Q2,S8.02,Medium,0,Complete,,PendingIndependentSemanticReview,,NotReady
S8.04,8,"Understand 1NF, 2NF and 3NF; explain 3NF and produce a normalised design.","Version 2 names First, Second and Third Normal Form and separately requires candidates to explain whether given tables are in 3NF and to produce a normalised design from a description, data or tables.",81;90,CORE,5,L081#stage2-completion,L081#stage2-practice,L084-Q3;AQ086-Q3,S8.02,High,0,Complete,,PendingIndependentSemanticReview,,NotReady
S8.05,8,"Understand DBMS features: data dictionary, data modelling, logical schema, integrity, security, backup and access rights.","Version 2 explicitly requires data management including a data dictionary, data modelling, logical schema, data integrity and data security including backup procedures and access rights for individuals or groups.",81;90,CORE,11,L081#stage2-completion,L081#stage2-practice,AM101-Q4,S8.01,High,0,Complete,,PendingIndependentSemanticReview,,NotReady
S8.06,8,Understand the developer interface and query processor.,Version 2 names the developer interface and query processor as DBMS software tools whose use and purpose must be understood in practice. They must be distinguished rather than listed without function.,81;90,CORE,4,L081#stage2-completion,L081#stage2-practice,L090-Q4,S8.05,High,0,Complete,,PendingIndependentSemanticReview,,NotReady
S8.07,8,"Understand DDL creates/modifies structure, DML queries/maintains data, and SQL is an industry-standard language.","Version 2 distinguishes DBMS creation/modification of database structure through DDL from queries and data maintenance through DML, and identifies SQL as the industry standard for both.",84;90,CORE,10,L084#stage2-completion,L084#stage2-practice,AQ091-Q2;L088-Q1,,High,0,Complete,,PendingIndependentSemanticReview,,NotReady
S8.08,8,"Understand a given SQL statement and explain the semantics of its clauses, identifiers, operators and values.","Version 2 explicitly requires understanding a given SQL statement. Evidence must show what a statement does to its result or stored data, not only recognise isolated keywords.",85;90,CORE,7,L085#stage2-completion,L085#stage2-practice,L085-Q5;AQ086-Q4,S8.02,High,0,Complete,,PendingIndependentSemanticReview,,NotReady
S8.09,8,"Use DDL: CREATE DATABASE, CREATE TABLE with CHARACTER/VARCHAR/BOOLEAN/INTEGER/REAL/DATE/TIME, ALTER TABLE, primary and foreign keys.","Version 2 requires CREATE DATABASE, CREATE TABLE, ALTER TABLE, CHARACTER, VARCHAR(n), BOOLEAN, INTEGER, REAL, DATE, TIME, PRIMARY KEY(field) and FOREIGN KEY(field) REFERENCES Table(Field). Each named item remains core.",86;90,CORE,14,L086#stage2-completion,L086#stage2-practice,AQ091-Q2,S8.08,Medium,0,Complete,,PendingIndependentSemanticReview,,NotReady
S8.10,8,"Use DML on at most two tables: SELECT, FROM, WHERE, ORDER BY, GROUP BY, INNER JOIN, SUM, COUNT and AVG.","Version 2 limits DML scripts to data stored in at most two tables and names SELECT, FROM, WHERE, ORDER BY, GROUP BY, INNER JOIN, SUM, COUNT and AVG. The course uses explicit INNER JOIN ... ON for two-table core queries.",86;90,CORE,11,L086#stage2-completion,L086#stage2-practice,AR090-Q2,S8.02;S8.08,High,0,Complete,,PendingIndependentSemanticReview,,NotReady
S8.11,8,"Use INSERT, DELETE and UPDATE to maintain data.","Version 2 names INSERT INTO, DELETE FROM and UPDATE as required data-maintenance statements. Evidence must distinguish adding, removing and changing records and use WHERE when only selected records should be affected.",88;90,CORE,3,L088#stage2-completion,L088#stage2-practice,L088-Q1;L088-Q2;L088-Q3,S8.08,Low,0,Complete,,PendingIndependentSemanticReview,,NotReady
S9.01,9,"Understand abstraction, its purpose/benefits and creation of an abstract model.","Abstraction is required both as a concept and as a practical modelling skill: explain its need and benefits, then produce an abstract model containing only details essential to the problem.",99;113,CORE,4,L099#stage2-completion,L099#stage2-practice,AQ101-Q4,,Medium,0,Complete,,PendingIndependentSemanticReview,,NotReady
S9.02,9,Use decomposition and express a problem as modules.,"Decomposition must break a problem into sub-problems and lead to a program module, identified at design level as a procedure or function with a distinct responsibility.",99;103;113,CORE,5,L099#stage2-completion,L099#stage2-practice,L100-Q3;AR113-Q2,S9.01,Medium,0,Complete,,PendingIndependentSemanticReview,,NotReady
S9.03,9,Understand what an algorithm is.,An algorithm is a solution to a problem expressed as a sequence of defined steps; the definition requires both the problem-solving purpose and the defined sequence.,100;113,CORE,4,L100#stage2-completion,L100#stage2-practice,AQ101-Q3,,High,0,Complete,,PendingIndependentSemanticReview,,NotReady
S9.04,9,Choose meaningful identifier names and construct an identifier table.,"Students must choose suitable meaningful identifier names and construct an identifier table that records each identifier's name, data type and purpose for the designed algorithm.",100;113,CORE,4,L100#stage2-completion,L100#stage2-practice,AQ101-Q3;AR113-Q1,,Medium,0,Complete,,PendingIndependentSemanticReview,,NotReady
S9.05,9,Use input-process-output to design pseudocode solutions.,"Use input, process and output as the design structure for a complete pseudocode solution; the three parts must connect, use meaningful identifiers and satisfy the stated problem.",100;103;113,CORE,4,L100#stage2-completion,L100#stage2-practice,AM101-Q3;L112-Q3,S9.03;S9.04,High,0,Complete,,PendingIndependentSemanticReview,,NotReady
S9.06,9,"Understand and use sequence, selection and iteration.","The three basic algorithm constructs are sequence, selection and iteration (repetition); students must recognise and use each construct, including combinations of constructs.",101;113,CORE,3,L101#stage2-completion,L101#stage2-practice,L101-Q1;AQ101-Q5,S9.03,Medium,0,Complete,,PendingIndependentSemanticReview,,NotReady
S9.07,9,"Use structured English, flowcharts and pseudocode; convert between representations.","Document an algorithm using structured English, a flowchart or pseudocode; write pseudocode from structured English or a flowchart, and draw a flowchart from structured English or pseudocode while preserving the same algorithm.",102;113,CORE,5,L102#stage2-completion,L102#stage2-practice,AQ106-Q1;L102-Q4,S9.03;S9.06,High,0,Complete,,PendingIndependentSemanticReview,,NotReady
S9.08,9,Use stepwise refinement to develop an algorithm.,Use stepwise refinement to develop an algorithm from a high-level solution to a level of detail from which a program can be written; each level must preserve the parent purpose.,103;113,CORE,4,L103#stage2-completion,L103#stage2-practice,AR113-Q2;AQ151-Q1,S9.02;S9.03,High,0,Complete,,PendingIndependentSemanticReview,,NotReady
S9.09,9,Construct and interpret logic statements.,"Logic statements define parts of an algorithm solution, including decision conditions, loop conditions and Boolean assignments; students must both construct and interpret them.",104;113,CORE,4,L104#stage2-completion,L104#stage2-practice,AQ106-Q3,S9.06,High,0,Complete,,PendingIndependentSemanticReview,,NotReady
S10.01,10,"Understand integer, real, char, string, Boolean and date types and Cambridge pseudocode type names.","Select and use appropriate types for a problem solution. The Version 2 Notes name integer, real, char, string, Boolean and date, and require the Cambridge pseudocode type names INTEGER, REAL, CHAR, STRING, BOOLEAN, DATE, ARRAY and FILE.",114,CORE,8,L114#stage2-completion,L114#stage2-practice,L114-Q1;L114-Q3;AQ116-Q3,,High,0,Complete,,PendingIndependentSemanticReview,,NotReady
S10.02,10,"Understand record purpose and define, read and save record data.","A record holds a set of related data of different data types under one identifier. Candidates must write pseudocode to define a record structure, read data from its named fields and save data to its named fields.",115,CORE,6,L115#stage2-completion,L115#stage2-practice,L119-Q1;AQ121-Q3,S10.01,High,0,Complete,,PendingIndependentSemanticReview,,NotReady
S10.03,10,"Understand array, index, lower bound and upper bound terminology.","Use the technical terms associated with arrays, including index, lower bound and upper bound. Bounds define the inclusive valid index range and an index selects one element.",116;118,CORE,4,L116#stage2-completion,L116#stage2-practice,AQ116-Q5;L116-Q3,,High,0,Complete,,PendingIndependentSemanticReview,,NotReady
S10.04,10,Select one- or two-dimensional arrays for a scenario.,Select a suitable one-dimensional (1D) or two-dimensional (2D) array for a given task. One index suits a linear collection; two indexes suit data with a genuine row-column or equivalent two-coordinate relationship.,116;117,CORE,3,L116#stage2-completion,L116#stage2-practice,AQ121-Q1;L124-Q1,S10.03,High,0,Complete,,PendingIndependentSemanticReview,,NotReady
S10.05,10,Write pseudocode using one- and two-dimensional arrays.,"Write Cambridge pseudocode for 1D and 2D arrays: declare explicit inclusive bounds and an element type, use the required number of indexes, and traverse only valid positions.",116;117,CORE,4,L116#stage2-completion,L116#stage2-practice,AQ121-Q1;L116-Q1,S10.03,High,0,Complete,,PendingIndependentSemanticReview,,NotReady
S10.06,10,Write bubble sort and linear search algorithms.,"When processing array data, candidates must write a bubble-sort algorithm and a linear-search algorithm. A trace alone is not sufficient evidence of the ability to write each complete algorithm.",118;119,CORE,3,L118#stage2-completion,L118#stage2-practice,AM121-Q2,S10.03,High,0,Complete,,PendingIndependentSemanticReview,,NotReady
S10.07,10,Explain the need for files and use text-file pseudocode.,"Show why files are needed for persistent data beyond one program run, and write Cambridge pseudocode to handle text files consisting of one or more lines, including opening, processing and closing in the correct mode.",120,CORE,4,L120#stage2-completion,L120#stage2-practice,L121-Q1;AM121-Q4,S10.01,High,0,Complete,,PendingIndependentSemanticReview,,NotReady
S10.08,10,Understand the definition and purpose of an abstract data type.,An abstract data type (ADT) is a collection of data and a set of operations on those data. Its behaviour is defined independently of a particular storage implementation.,121,CORE,4,L121#stage2-completion,L121#stage2-practice,L123-Q1;AR126-Q2,,High,0,Complete,,PendingIndependentSemanticReview,,NotReady
S10.09,10,"Understand stack, queue and linked-list features; justify a structure.","Stack, queue and linked list are examples of ADTs. Describe their key features and justify which structure suits a given situation using LIFO, FIFO or link-based traversal/insertion/deletion evidence.",121;122,CORE,6,L121#stage2-completion,L121#stage2-practice,AQ126-Q2;AQ126-Q3;AQ126-Q4;L123-Q1,S10.08,High,0,Complete,,PendingIndependentSemanticReview,,NotReady
S10.10,10,"Add, edit and delete data in the ADTs and implement them using arrays; pseudocode for operations is not required by the syllabus.","Use stack, queue and linked list to store data; add, edit and delete data while preserving each ADT rule. Describe array implementations for all three. Candidates are not required to write pseudocode for these ADT operations.",121;122,CORE,9,L121#stage2-completion,L121#stage2-practice,AR126-Q2;AQ126-Q3,S10.03;S10.09,High,0,Complete,,PendingIndependentSemanticReview,,NotReady
S11.01,11,Write pseudocode from a flowchart or structured-English description.,Implement and write pseudocode from a given design presented as either a flowchart or structured English.,127,CORE,4,L127#stage2-completion,L127#stage2-practice,L141-Q1;AQ141-Q5,S9.07,High,0,Complete,,PendingIndependentSemanticReview,,NotReady
S11.02,11,"Use declarations, constants, variables, assignment, arithmetic/logical operations and input/output.",Write pseudocode for declaration and initialisation of constants; declaration of variables; assignment of values; expressions using arithmetic or logical operators; input from the keyboard; and output to the console.,128,CORE,8,L128#stage2-completion,L128#stage2-practice,AQ136-Q5,S10.01;S9.06,High,0,Complete,,PendingIndependentSemanticReview,,NotReady
S11.03,11,Use built-in/library and string functions.,Use built-in functions and library routines. Any function not given in the pseudocode guide will be provided; string manipulation functions will always be given in the question.,129,CORE,3,L129#stage2-completion,L129#stage2-practice,L134-Q2;AQ136-Q3,,High,0,Complete,,PendingIndependentSemanticReview,,NotReady
S11.04,11,"Use IF/ELSE/nested selection, CASE, count-controlled loops, post-condition and pre-condition loops.","Use IF statements, including the ELSE clause and nested IF statements; CASE statements; count-controlled loops; post-condition loops; and pre-condition loops.",130,CORE,9,L130#stage2-completion,L130#stage2-practice,L130-Q1;L130-Q2;AQ131-Q2,S9.06,High,0,Complete,,PendingIndependentSemanticReview,,NotReady
S11.05,11,Select and justify a suitable loop structure.,Justify why one loop structure may be better suited to a problem than another.,130,CORE,3,L130#stage2-completion,L130#stage2-practice,AQ131-Q4,S11.04,High,0,Complete,,PendingIndependentSemanticReview,,NotReady
S11.06,11,Understand and use procedures with parameters passed by reference and by value.,"Define and use a procedure; explain when the use of a procedure is appropriate; use parameters with none, one or more values passed by reference or by value.",131,CORE,5,L131#stage2-completion,L131#stage2-practice,AM141-Q2,,High,0,Complete,,PendingIndependentSemanticReview,,NotReady
S11.07,11,"Understand and use functions, including return values in expressions.",Define and use a function; explain when the use of a function is appropriate. A function is used in an expression and its return value replaces the function call.,131,CORE,4,L131#stage2-completion,L131#stage2-practice,L142-Q5,S11.02,High,0,Complete,,PendingIndependentSemanticReview,,NotReady
S11.08,11,"Use precise terminology: procedure/function header, interface, parameter, argument and return value.","Use the terminology procedure/function interface, header, parameter, argument and return value, and explain the relationship between these terms.",131,CORE,6,L131#stage2-completion,L131#stage2-practice,AR142-Q2,S11.06;S11.07,High,0,Complete,,PendingIndependentSemanticReview,,NotReady
S11.09,11,Write clear and efficient Cambridge pseudocode.,Write efficient pseudocode.,134,CORE,4,L134#stage2-completion,L134#stage2-practice,L140-Q2,,High,0,Complete,,PendingIndependentSemanticReview,,NotReady
S12.01,12,"Understand why a program-development lifecycle is used; compare waterfall, iterative and RAD models and their stages.","Candidates should understand the purpose of a program-development lifecycle and the need for different lifecycles depending on the program being developed. Compare the principles, benefits and drawbacks of waterfall, iterative and Rapid Application Development (RAD). Lifecycle stages are analysis, design, coding, testing and maintenance.",143,CORE,7,L143#stage2-completion,L143#stage2-practice,L143-Q2;AQ146-Q2,,High,0,Complete,,PendingIndependentSemanticReview,,NotReady
S12.02,12,"Understand, construct and use structure charts, including parameters, and derive pseudocode.","Use a structure chart to decompose a problem into subtasks and express the parameters passed between modules, procedures and functions. Describe its purpose, construct one for a given problem and derive equivalent pseudocode from it.",144,CORE,5,L144#stage2-completion,L144#stage2-practice,L145-Q1;AQ146-Q4,S11.06,High,0,Complete,,PendingIndependentSemanticReview,,NotReady
S12.03,12,Show understanding of the purpose of state-transition diagrams to document an algorithm.,The Version 2 table requires understanding the purpose; it does not require candidates to construct a state-transition diagram.,144,CORE,2,L144#stage2-completion,L144#stage2-practice,L145-Q1;AQ146-Q4,S9.07,Medium,0,Complete,,PendingIndependentSemanticReview,,NotReady
S12.04,12,"Identify and correct syntax, logic and runtime errors.","Understand different ways of exposing and avoiding faults in a program. Locate and identify syntax, logic and run-time errors in a program and correct identified errors.",145,CORE,3,L145#stage2-completion,L145#stage2-practice,AQ151-Q5,,High,0,Complete,,PendingIndependentSemanticReview,,NotReady
S12.05,12,"Understand dry run, walkthrough, white-box, black-box, integration, alpha, beta, acceptance and stub testing.","Describe testing methods and select suitable test data: dry run, walkthrough, white-box, black-box, integration, alpha, beta and acceptance testing, and use of a stub.",146,CORE,9,L146#stage2-completion,L146#stage2-practice,L146-Q1;AR147-Q1;AQ146-Q5,S12.04,High,0,Complete,,PendingIndependentSemanticReview,,NotReady
S12.06,12,Show understanding of the need for a test strategy and test plan and their likely contents.,The Version 2 table requires understanding the need and likely contents; it does not require candidates to produce either document.,146,CORE,3,L146#stage2-completion,L146#stage2-practice,L146-Q2;AR147-Q2,S12.05,High,0,Complete,,PendingIndependentSemanticReview,,NotReady
S12.07,12,"Select normal, abnormal and extreme/boundary test data.","Choose suitable test data for a test plan, including normal, abnormal and extreme/boundary data.",146,CORE,3,L146#stage2-completion,L146#stage2-practice,L148-Q3,,High,1,Complete,,Fail,SCI-CONT-005,Blocked
S12.08,12,"Understand perfective, adaptive and corrective maintenance.","Understand the need for continuing maintenance of a program and the differences between perfective, adaptive and corrective maintenance.",146,CORE,4,L146#stage2-completion,L146#stage2-practice,L147-Q4,S12.01,Low,0,Complete,,PendingIndependentSemanticReview,,NotReady
S12.09,12,Analyse and amend an existing program.,Analyse an existing program and make amendments to enhance functionality.,146,CORE,4,L146#stage2-completion,L146#stage2-practice,L147-Q5,S12.04,High,0,Complete,,PendingIndependentSemanticReview,,NotReady
