page,viewport,render,console,accessibility,release_status
index,1440x900,Pass,Pass,Approved,Approved
index,390x844,Pass,Pass,Approved,Approved
assessments,1440x900,Pass,Pass,Approved,Approved
assessments,390x844,Pass,Pass,Approved,Approved
resources,1440x900,Pass,Pass,Approved,Approved
resources,390x844,Pass,Pass,Approved,Approved
lesson-001,1440x900,Pass,Pass,Approved,Approved
lesson-001,390x844,Pass,Pass,Approved,Approved
lesson-002,1440x900,Pass,Pass,Approved,Approved
lesson-002,390x844,Pass,Pass,Approved,Approved
lesson-003,1440x900,Pass,Pass,Approved,Approved
lesson-003,390x844,Pass,Pass,Approved,Approved
lesson-004,1440x900,Pass,Pass,Approved,Approved
lesson-004,390x844,Pass,Pass,Approved,Approved
lesson-005,1440x900,Pass,Pass,Approved,Approved
lesson-005,390x844,Pass,Pass,Approved,Approved
lesson-006,1440x900,Pass,Pass,Approved,Approved
lesson-006,390x844,Pass,Pass,Approved,Approved
lesson-007,1440x900,Pass,Pass,Approved,Approved
lesson-007,390x844,Pass,Pass,Approved,Approved
lesson-008,1440x900,Pass,Pass,Approved,Approved
lesson-008,390x844,Pass,Pass,Approved,Approved
lesson-009,1440x900,Pass,Pass,Approved,Approved
lesson-009,390x844,Pass,Pass,Approved,Approved
lesson-010,1440x900,Pass,Pass,Approved,Approved
lesson-010,390x844,Pass,Pass,Approved,Approved
lesson-011,1440x900,Pass,Pass,Approved,Approved
lesson-011,390x844,Pass,Pass,Approved,Approved
lesson-012,1440x900,Pass,Pass,Approved,Approved
lesson-012,390x844,Pass,Pass,Approved,Approved
lesson-013,1440x900,Pass,Pass,Approved,Approved
lesson-013,390x844,Pass,Pass,Approved,Approved
lesson-014,1440x900,Pass,Pass,Approved,Approved
lesson-014,390x844,Pass,Pass,Approved,Approved
lesson-015,1440x900,Pass,Pass,Approved,Approved
lesson-015,390x844,Pass,Pass,Approved,Approved
lesson-016,1440x900,Pass,Pass,Approved,Approved
lesson-016,390x844,Pass,Pass,Approved,Approved
lesson-017,1440x900,Pass,Pass,Approved,Approved
lesson-017,390x844,Pass,Pass,Approved,Approved
lesson-018,1440x900,Pass,Pass,Approved,Approved
lesson-018,390x844,Pass,Pass,Approved,Approved
lesson-019,1440x900,Pass,Pass,Approved,Approved
lesson-019,390x844,Pass,Pass,Approved,Approved
lesson-020,1440x900,Pass,Pass,Approved,Approved
lesson-020,390x844,Pass,Pass,Approved,Approved
lesson-021,1440x900,Pass,Pass,Approved,Approved
lesson-021,390x844,Pass,Pass,Approved,Approved
lesson-022,1440x900,Pass,Pass,Approved,Approved
lesson-022,390x844,Pass,Pass,Approved,Approved
lesson-023,1440x900,Pass,Pass,Approved,Approved
lesson-023,390x844,Pass,Pass,Approved,Approved
lesson-024,1440x900,Pass,Pass,Approved,Approved
lesson-024,390x844,Pass,Pass,Approved,Approved
lesson-025,1440x900,Pass,Pass,Approved,Approved
lesson-025,390x844,Pass,Pass,Approved,Approved
lesson-026,1440x900,Pass,Pass,Approved,Approved
lesson-026,390x844,Pass,Pass,Approved,Approved
lesson-027,1440x900,Pass,Pass,Approved,Approved
lesson-027,390x844,Pass,Pass,Approved,Approved
lesson-028,1440x900,Pass,Pass,Approved,Approved
lesson-028,390x844,Pass,Pass,Approved,Approved
lesson-029,1440x900,Pass,Pass,Approved,Approved
lesson-029,390x844,Pass,Pass,Approved,Approved
lesson-030,1440x900,Pass,Pass,Approved,Approved
lesson-030,390x844,Pass,Pass,Approved,Approved
lesson-031,1440x900,Pass,Pass,Approved,Approved
lesson-031,390x844,Pass,Pass,Approved,Approved
lesson-032,1440x900,Pass,Pass,Approved,Approved
lesson-032,390x844,Pass,Pass,Approved,Approved
lesson-033,1440x900,Pass,Pass,Approved,Approved
lesson-033,390x844,Pass,Pass,Approved,Approved
lesson-034,1440x900,Pass,Pass,Approved,Approved
lesson-034,390x844,Pass,Pass,Approved,Approved
lesson-035,1440x900,Pass,Pass,Approved,Approved
lesson-035,390x844,Pass,Pass,Approved,Approved
lesson-036,1440x900,Pass,Pass,Approved,Approved
lesson-036,390x844,Pass,Pass,Approved,Approved
lesson-037,1440x900,Pass,Pass,Approved,Approved
lesson-037,390x844,Pass,Pass,Approved,Approved
lesson-038,1440x900,Pass,Pass,Approved,Approved
lesson-038,390x844,Pass,Pass,Approved,Approved
lesson-039,1440x900,Pass,Pass,Approved,Approved
lesson-039,390x844,Pass,Pass,Approved,Approved
lesson-040,1440x900,Pass,Pass,Approved,Approved
lesson-040,390x844,Pass,Pass,Approved,Approved
lesson-041,1440x900,Pass,Pass,Approved,Approved
lesson-041,390x844,Pass,Pass,Approved,Approved
lesson-042,1440x900,Pass,Pass,Approved,Approved
lesson-042,390x844,Pass,Pass,Approved,Approved
lesson-043,1440x900,Pass,Pass,Approved,Approved
lesson-043,390x844,Pass,Pass,Approved,Approved
lesson-044,1440x900,Pass,Pass,Approved,Approved
lesson-044,390x844,Pass,Pass,Approved,Approved
lesson-045,1440x900,Pass,Pass,Approved,Approved
lesson-045,390x844,Pass,Pass,Approved,Approved
lesson-046,1440x900,Pass,Pass,Approved,Approved
lesson-046,390x844,Pass,Pass,Approved,Approved
lesson-047,1440x900,Pass,Pass,Approved,Approved
lesson-047,390x844,Pass,Pass,Approved,Approved
lesson-048,1440x900,Pass,Pass,Approved,Approved
lesson-048,390x844,Pass,Pass,Approved,Approved
lesson-049,1440x900,Pass,Pass,Approved,Approved
lesson-049,390x844,Pass,Pass,Approved,Approved
lesson-050,1440x900,Pass,Pass,Approved,Approved
lesson-050,390x844,Pass,Pass,Approved,Approved
lesson-051,1440x900,Pass,Pass,Approved,Approved
lesson-051,390x844,Pass,Pass,Approved,Approved
lesson-052,1440x900,Pass,Pass,Approved,Approved
lesson-052,390x844,Pass,Pass,Approved,Approved
lesson-053,1440x900,Pass,Pass,Approved,Approved
lesson-053,390x844,Pass,Pass,Approved,Approved
lesson-054,1440x900,Pass,Pass,Approved,Approved
lesson-054,390x844,Pass,Pass,Approved,Approved
lesson-055,1440x900,Pass,Pass,Approved,Approved
lesson-055,390x844,Pass,Pass,Approved,Approved
lesson-056,1440x900,Pass,Pass,Approved,Approved
lesson-056,390x844,Pass,Pass,Approved,Approved
lesson-057,1440x900,Pass,Pass,Approved,Approved
lesson-057,390x844,Pass,Pass,Approved,Approved
lesson-058,1440x900,Pass,Pass,Approved,Approved
lesson-058,390x844,Pass,Pass,Approved,Approved
lesson-059,1440x900,Pass,Pass,Approved,Approved
lesson-059,390x844,Pass,Pass,Approved,Approved
lesson-060,1440x900,Pass,Pass,Approved,Approved
lesson-060,390x844,Pass,Pass,Approved,Approved
lesson-061,1440x900,Pass,Pass,Approved,Approved
lesson-061,390x844,Pass,Pass,Approved,Approved
lesson-062,1440x900,Pass,Pass,Approved,Approved
lesson-062,390x844,Pass,Pass,Approved,Approved
lesson-063,1440x900,Pass,Pass,Approved,Approved
lesson-063,390x844,Pass,Pass,Approved,Approved
lesson-064,1440x900,Pass,Pass,Approved,Approved
lesson-064,390x844,Pass,Pass,Approved,Approved
lesson-065,1440x900,Pass,Pass,Approved,Approved
lesson-065,390x844,Pass,Pass,Approved,Approved
lesson-066,1440x900,Pass,Pass,Approved,Approved
lesson-066,390x844,Pass,Pass,Approved,Approved
lesson-067,1440x900,Pass,Pass,Approved,Approved
lesson-067,390x844,Pass,Pass,Approved,Approved
lesson-068,1440x900,Pass,Pass,Approved,Approved
lesson-068,390x844,Pass,Pass,Approved,Approved
lesson-069,1440x900,Pass,Pass,Approved,Approved
lesson-069,390x844,Pass,Pass,Approved,Approved
lesson-070,1440x900,Pass,Pass,Approved,Approved
lesson-070,390x844,Pass,Pass,Approved,Approved
lesson-071,1440x900,Pass,Pass,Approved,Approved
lesson-071,390x844,Pass,Pass,Approved,Approved
lesson-072,1440x900,Pass,Pass,Approved,Approved
lesson-072,390x844,Pass,Pass,Approved,Approved
lesson-073,1440x900,Pass,Pass,Approved,Approved
lesson-073,390x844,Pass,Pass,Approved,Approved
lesson-074,1440x900,Pass,Pass,Approved,Approved
lesson-074,390x844,Pass,Pass,Approved,Approved
lesson-075,1440x900,Pass,Pass,Approved,Approved
lesson-075,390x844,Pass,Pass,Approved,Approved
lesson-076,1440x900,Pass,Pass,Approved,Approved
lesson-076,390x844,Pass,Pass,Approved,Approved
lesson-077,1440x900,Pass,Pass,Approved,Approved
lesson-077,390x844,Pass,Pass,Approved,Approved
lesson-078,1440x900,Pass,Pass,Approved,Approved
lesson-078,390x844,Pass,Pass,Approved,Approved
lesson-079,1440x900,Pass,Pass,Approved,Approved
lesson-079,390x844,Pass,Pass,Approved,Approved
lesson-080,1440x900,Pass,Pass,Approved,Approved
lesson-080,390x844,Pass,Pass,Approved,Approved
lesson-081,1440x900,Pass,Pass,Approved,Approved
lesson-081,390x844,Pass,Pass,Approved,Approved
lesson-082,1440x900,Pass,Pass,Approved,Approved
lesson-082,390x844,Pass,Pass,Approved,Approved
lesson-083,1440x900,Pass,Pass,Approved,Approved
lesson-083,390x844,Pass,Pass,Approved,Approved
lesson-084,1440x900,Pass,Pass,Approved,Approved
lesson-084,390x844,Pass,Pass,Approved,Approved
lesson-085,1440x900,Pass,Pass,Approved,Approved
lesson-085,390x844,Pass,Pass,Approved,Approved
lesson-086,1440x900,Pass,Pass,Approved,Approved
lesson-086,390x844,Pass,Pass,Approved,Approved
lesson-087,1440x900,Pass,Pass,Approved,Approved
lesson-087,390x844,Pass,Pass,Approved,Approved
lesson-088,1440x900,Pass,Pass,Approved,Approved
lesson-088,390x844,Pass,Pass,Approved,Approved
lesson-089,1440x900,Pass,Pass,Approved,Approved
lesson-089,390x844,Pass,Pass,Approved,Approved
lesson-090,1440x900,Pass,Pass,Approved,Approved
lesson-090,390x844,Pass,Pass,Approved,Approved
lesson-091,1440x900,Pass,Pass,Approved,Approved
lesson-091,390x844,Pass,Pass,Approved,Approved
lesson-092,1440x900,Pass,Pass,Approved,Approved
lesson-092,390x844,Pass,Pass,Approved,Approved
lesson-093,1440x900,Pass,Pass,Approved,Approved
lesson-093,390x844,Pass,Pass,Approved,Approved
lesson-094,1440x900,Pass,Pass,Approved,Approved
lesson-094,390x844,Pass,Pass,Approved,Approved
lesson-095,1440x900,Pass,Pass,Approved,Approved
lesson-095,390x844,Pass,Pass,Approved,Approved
lesson-096,1440x900,Pass,Pass,Approved,Approved
lesson-096,390x844,Pass,Pass,Approved,Approved
lesson-097,1440x900,Pass,Pass,Approved,Approved
lesson-097,390x844,Pass,Pass,Approved,Approved
lesson-098,1440x900,Pass,Pass,Approved,Approved
lesson-098,390x844,Pass,Pass,Approved,Approved
lesson-099,1440x900,Pass,Pass,Approved,Approved
lesson-099,390x844,Pass,Pass,Approved,Approved
lesson-100,1440x900,Pass,Pass,Approved,Approved
lesson-100,390x844,Pass,Pass,Approved,Approved
lesson-101,1440x900,Pass,Pass,Approved,Approved
lesson-101,390x844,Pass,Pass,Approved,Approved
lesson-102,1440x900,Pass,Pass,Approved,Approved
lesson-102,390x844,Pass,Pass,Approved,Approved
lesson-103,1440x900,Pass,Pass,Approved,Approved
lesson-103,390x844,Pass,Pass,Approved,Approved
lesson-104,1440x900,Pass,Pass,Approved,Approved
lesson-104,390x844,Pass,Pass,Approved,Approved
lesson-105,1440x900,Pass,Pass,Approved,Approved
lesson-105,390x844,Pass,Pass,Approved,Approved
lesson-106,1440x900,Pass,Pass,Approved,Approved
lesson-106,390x844,Pass,Pass,Approved,Approved
lesson-107,1440x900,Pass,Pass,Approved,Approved
lesson-107,390x844,Pass,Pass,Approved,Approved
lesson-108,1440x900,Pass,Pass,Approved,Approved
lesson-108,390x844,Pass,Pass,Approved,Approved
lesson-109,1440x900,Pass,Pass,Approved,Approved
lesson-109,390x844,Pass,Pass,Approved,Approved
lesson-110,1440x900,Pass,Pass,Approved,Approved
lesson-110,390x844,Pass,Pass,Approved,Approved
lesson-111,1440x900,Pass,Pass,Approved,Approved
lesson-111,390x844,Pass,Pass,Approved,Approved
lesson-112,1440x900,Pass,Pass,Approved,Approved
lesson-112,390x844,Pass,Pass,Approved,Approved
lesson-113,1440x900,Pass,Pass,Approved,Approved
lesson-113,390x844,Pass,Pass,Approved,Approved
lesson-114,1440x900,Pass,Pass,Approved,Approved
lesson-114,390x844,Pass,Pass,Approved,Approved
lesson-115,1440x900,Pass,Pass,Approved,Approved
lesson-115,390x844,Pass,Pass,Approved,Approved
lesson-116,1440x900,Pass,Pass,Approved,Approved
lesson-116,390x844,Pass,Pass,Approved,Approved
lesson-117,1440x900,Pass,Pass,Approved,Approved
lesson-117,390x844,Pass,Pass,Approved,Approved
lesson-118,1440x900,Pass,Pass,Approved,Approved
lesson-118,390x844,Pass,Pass,Approved,Approved
lesson-119,1440x900,Pass,Pass,Approved,Approved
lesson-119,390x844,Pass,Pass,Approved,Approved
lesson-120,1440x900,Pass,Pass,Approved,Approved
lesson-120,390x844,Pass,Pass,Approved,Approved
lesson-121,1440x900,Pass,Pass,Approved,Approved
lesson-121,390x844,Pass,Pass,Approved,Approved
lesson-122,1440x900,Pass,Pass,Approved,Approved
lesson-122,390x844,Pass,Pass,Approved,Approved
lesson-123,1440x900,Pass,Pass,Approved,Approved
lesson-123,390x844,Pass,Pass,Approved,Approved
lesson-124,1440x900,Pass,Pass,Approved,Approved
lesson-124,390x844,Pass,Pass,Approved,Approved
lesson-125,1440x900,Pass,Pass,Approved,Approved
lesson-125,390x844,Pass,Pass,Approved,Approved
lesson-126,1440x900,Pass,Pass,Approved,Approved
lesson-126,390x844,Pass,Pass,Approved,Approved
lesson-127,1440x900,Pass,Pass,Approved,Approved
lesson-127,390x844,Pass,Pass,Approved,Approved
lesson-128,1440x900,Pass,Pass,Approved,Approved
lesson-128,390x844,Pass,Pass,Approved,Approved
lesson-129,1440x900,Pass,Pass,Approved,Approved
lesson-129,390x844,Pass,Pass,Approved,Approved
lesson-130,1440x900,Pass,Pass,Approved,Approved
lesson-130,390x844,Pass,Pass,Approved,Approved
lesson-131,1440x900,Pass,Pass,Approved,Approved
lesson-131,390x844,Pass,Pass,Approved,Approved
lesson-132,1440x900,Pass,Pass,Approved,Approved
lesson-132,390x844,Pass,Pass,Approved,Approved
lesson-133,1440x900,Pass,Pass,Approved,Approved
lesson-133,390x844,Pass,Pass,Approved,Approved
lesson-134,1440x900,Pass,Pass,Approved,Approved
lesson-134,390x844,Pass,Pass,Approved,Approved
lesson-135,1440x900,Pass,Pass,Approved,Approved
lesson-135,390x844,Pass,Pass,Approved,Approved
lesson-136,1440x900,Pass,Pass,Approved,Approved
lesson-136,390x844,Pass,Pass,Approved,Approved
lesson-137,1440x900,Pass,Pass,Approved,Approved
lesson-137,390x844,Pass,Pass,Approved,Approved
lesson-138,1440x900,Pass,Pass,Approved,Approved
lesson-138,390x844,Pass,Pass,Approved,Approved
lesson-139,1440x900,Pass,Pass,Approved,Approved
lesson-139,390x844,Pass,Pass,Approved,Approved
lesson-140,1440x900,Pass,Pass,Approved,Approved
lesson-140,390x844,Pass,Pass,Approved,Approved
lesson-141,1440x900,Pass,Pass,Approved,Approved
lesson-141,390x844,Pass,Pass,Approved,Approved
lesson-142,1440x900,Pass,Pass,Approved,Approved
lesson-142,390x844,Pass,Pass,Approved,Approved
lesson-143,1440x900,Pass,Pass,Approved,Approved
lesson-143,390x844,Pass,Pass,Approved,Approved
lesson-144,1440x900,Pass,Pass,Approved,Approved
lesson-144,390x844,Pass,Pass,Approved,Approved
lesson-145,1440x900,Pass,Pass,Approved,Approved
lesson-145,390x844,Pass,Pass,Approved,Approved
lesson-146,1440x900,Pass,Pass,Approved,Approved
lesson-146,390x844,Pass,Pass,Approved,Approved
lesson-147,1440x900,Pass,Pass,Approved,Approved
lesson-147,390x844,Pass,Pass,Approved,Approved
lesson-148,1440x900,Pass,Pass,Approved,Approved
lesson-148,390x844,Pass,Pass,Approved,Approved
lesson-149,1440x900,Pass,Pass,Approved,Approved
lesson-149,390x844,Pass,Pass,Approved,Approved
lesson-150,1440x900,Pass,Pass,Approved,Approved
lesson-150,390x844,Pass,Pass,Approved,Approved
