id,Draft,Checked,Revised,Approved,review_route
L001-Q1,Complete,Complete,Complete,Complete,Standard
L001-Q2,Complete,Complete,Complete,Complete,Standard
L001-Q3,Complete,Complete,Complete,Complete,Standard
L001-Q4,Complete,Complete,Complete,Complete,Standard
L001-Q5,Complete,Complete,Complete,Complete,Standard
L002-Q1,Complete,Complete,Complete,Complete,Standard
L002-Q2,Complete,Complete,Complete,Complete,Standard
L002-Q3,Complete,Complete,Complete,Complete,Standard
L002-Q4,Complete,Complete,Complete,Complete,Standard
L002-Q5,Complete,Complete,Complete,Complete,Standard
L003-Q1,Complete,Complete,Complete,Complete,Standard
L003-Q2,Complete,Complete,Complete,Complete,Standard
L003-Q3,Complete,Complete,Complete,Complete,Standard
L003-Q4,Complete,Complete,Complete,Complete,Standard
L003-Q5,Complete,Complete,Complete,Complete,Standard
L004-Q1,Complete,Complete,Complete,Complete,Standard
L004-Q2,Complete,Complete,Complete,Complete,Standard
L004-Q3,Complete,Complete,Complete,Complete,Standard
L004-Q4,Complete,Complete,Complete,Complete,Standard
L004-Q5,Complete,Complete,Complete,Complete,Standard
L005-Q1,Complete,Complete,Complete,Complete,Standard
L005-Q2,Complete,Complete,Complete,Complete,Standard
L005-Q3,Complete,Complete,Complete,Complete,Standard
L005-Q4,Complete,Complete,Complete,Complete,Standard
L005-Q5,Complete,Complete,Complete,Complete,Standard
L006-Q1,Complete,Complete,Complete,Complete,Standard
L006-Q2,Complete,Complete,Complete,Complete,Standard
L006-Q3,Complete,Complete,Complete,Complete,Standard
L006-Q4,Complete,Complete,Complete,Complete,Standard
L006-Q5,Complete,Complete,Complete,Complete,Standard
L007-Q1,Complete,Complete,Complete,Complete,Standard
L007-Q2,Complete,Complete,Complete,Complete,Standard
L007-Q3,Complete,Complete,Complete,Complete,Standard
L007-Q4,Complete,Complete,Complete,Complete,Standard
L007-Q5,Complete,Complete,Complete,Complete,Standard
L008-Q1,Complete,Complete,Complete,Complete,Standard
L008-Q2,Complete,Complete,Complete,Complete,Standard
L008-Q3,Complete,Complete,Complete,Complete,Standard
L008-Q4,Complete,Complete,Complete,Complete,Standard
L008-Q5,Complete,Complete,Complete,Complete,Standard
L009-Q1,Complete,Complete,Complete,Complete,Standard
L009-Q2,Complete,Complete,Complete,Complete,Standard
L009-Q3,Complete,Complete,Complete,Complete,Standard
L009-Q4,Complete,Complete,Complete,Complete,Standard
L009-Q5,Complete,Complete,Complete,Complete,Standard
L010-Q1,Complete,Complete,Complete,Complete,Standard
L010-Q2,Complete,Complete,Complete,Complete,Standard
L010-Q3,Complete,Complete,Complete,Complete,Standard
L010-Q4,Complete,Complete,Complete,Complete,Standard
L010-Q5,Complete,Complete,Complete,Complete,Standard
L011-Q1,Complete,Complete,Complete,Complete,Standard
L011-Q2,Complete,Complete,Complete,Complete,Standard
L011-Q3,Complete,Complete,Complete,Complete,Standard
L011-Q4,Complete,Complete,Complete,Complete,Standard
L011-Q5,Complete,Complete,Complete,Complete,Standard
L012-Q1,Complete,Complete,Complete,Complete,Standard
L012-Q2,Complete,Complete,Complete,Complete,Standard
L012-Q3,Complete,Complete,Complete,Complete,Standard
L012-Q4,Complete,Complete,Complete,Complete,Standard
L012-Q5,Complete,Complete,Complete,Complete,Standard
L013-Q1,Complete,Complete,Complete,Complete,Standard
L013-Q2,Complete,Complete,Complete,Complete,Standard
L013-Q3,Complete,Complete,Complete,Complete,Standard
L013-Q4,Complete,Complete,Complete,Complete,Standard
L013-Q5,Complete,Complete,Complete,Complete,Standard
L014-Q1,Complete,Complete,Complete,Complete,Standard
L014-Q2,Complete,Complete,Complete,Complete,Standard
L014-Q3,Complete,Complete,Complete,Complete,Standard
L014-Q4,Complete,Complete,Complete,Complete,Standard
L014-Q5,Complete,Complete,Complete,Complete,Standard
L015-Q1,Complete,Complete,Complete,Complete,Standard
L015-Q2,Complete,Complete,Complete,Complete,Standard
L015-Q3,Complete,Complete,Complete,Complete,Standard
L015-Q4,Complete,Complete,Complete,Complete,Standard
L015-Q5,Complete,Complete,Complete,Complete,Standard
L016-Q1,Complete,Complete,Complete,Complete,Standard
L016-Q2,Complete,Complete,Complete,Complete,Standard
L016-Q3,Complete,Complete,Complete,Complete,Standard
L016-Q4,Complete,Complete,Complete,Complete,Standard
L016-Q5,Complete,Complete,Complete,Complete,Standard
L017-Q1,Complete,Complete,Complete,Complete,Standard
L017-Q2,Complete,Complete,Complete,Complete,Standard
L017-Q3,Complete,Complete,Complete,Complete,Standard
L017-Q4,Complete,Complete,Complete,Complete,Standard
L017-Q5,Complete,Complete,Complete,Complete,Standard
L018-Q1,Complete,Complete,Complete,Complete,Standard
L018-Q2,Complete,Complete,Complete,Complete,Standard
L018-Q3,Complete,Complete,Complete,Complete,Standard
L018-Q4,Complete,Complete,Complete,Complete,Standard
L018-Q5,Complete,Complete,Complete,Complete,Standard
L019-Q1,Complete,Complete,Complete,Complete,Standard
L019-Q2,Complete,Complete,Complete,Complete,Standard
L019-Q3,Complete,Complete,Complete,Complete,Standard
L019-Q4,Complete,Complete,Complete,Complete,Standard
L019-Q5,Complete,Complete,Complete,Complete,Standard
L020-Q1,Complete,Complete,Complete,Complete,Standard
L020-Q2,Complete,Complete,Complete,Complete,Standard
L020-Q3,Complete,Complete,Complete,Complete,Standard
L020-Q4,Complete,Complete,Complete,Complete,Standard
L020-Q5,Complete,Complete,Complete,Complete,Standard
L021-Q1,Complete,Complete,Complete,Complete,Standard
L021-Q2,Complete,Complete,Complete,Complete,Standard
L021-Q3,Complete,Complete,Complete,Complete,Standard
L021-Q4,Complete,Complete,Complete,Complete,Standard
L021-Q5,Complete,Complete,Complete,Complete,Standard
L022-Q1,Complete,Complete,Complete,Complete,Standard
L022-Q2,Complete,Complete,Complete,Complete,Standard
L022-Q3,Complete,Complete,Complete,Complete,Standard
L022-Q4,Complete,Complete,Complete,Complete,Standard
L022-Q5,Complete,Complete,Complete,Complete,Standard
L023-Q1,Complete,Complete,Complete,Complete,Standard
L023-Q2,Complete,Complete,Complete,Complete,Standard
L023-Q3,Complete,Complete,Complete,Complete,Standard
L023-Q4,Complete,Complete,Complete,Complete,Standard
L023-Q5,Complete,Complete,Complete,Complete,Standard
L024-Q1,Complete,Complete,Complete,Complete,Standard
L024-Q2,Complete,Complete,Complete,Complete,Standard
L024-Q3,Complete,Complete,Complete,Complete,Standard
L024-Q4,Complete,Complete,Complete,Complete,Standard
L024-Q5,Complete,Complete,Complete,Complete,Standard
L025-Q1,Complete,Complete,Complete,Complete,Standard
L025-Q2,Complete,Complete,Complete,Complete,Standard
L025-Q3,Complete,Complete,Complete,Complete,Standard
L025-Q4,Complete,Complete,Complete,Complete,Standard
L025-Q5,Complete,Complete,Complete,Complete,Standard
L026-Q1,Complete,Complete,Complete,Complete,Standard
L026-Q2,Complete,Complete,Complete,Complete,Standard
L026-Q3,Complete,Complete,Complete,Complete,Standard
L026-Q4,Complete,Complete,Complete,Complete,Standard
L026-Q5,Complete,Complete,Complete,Complete,Standard
L027-Q1,Complete,Complete,Complete,Complete,Standard
L027-Q2,Complete,Complete,Complete,Complete,Standard
L027-Q3,Complete,Complete,Complete,Complete,Standard
L027-Q4,Complete,Complete,Complete,Complete,Standard
L027-Q5,Complete,Complete,Complete,Complete,Standard
L028-Q1,Complete,Complete,Complete,Complete,Standard
L028-Q2,Complete,Complete,Complete,Complete,Standard
L028-Q3,Complete,Complete,Complete,Complete,Standard
L028-Q4,Complete,Complete,Complete,Complete,Standard
L028-Q5,Complete,Complete,Complete,Complete,Standard
L029-Q1,Complete,Complete,Complete,Complete,Standard
L029-Q2,Complete,Complete,Complete,Complete,Standard
L029-Q3,Complete,Complete,Complete,Complete,Standard
L029-Q4,Complete,Complete,Complete,Complete,Standard
L029-Q5,Complete,Complete,Complete,Complete,Standard
L030-Q1,Complete,Complete,Complete,Complete,Standard
L030-Q2,Complete,Complete,Complete,Complete,Standard
L030-Q3,Complete,Complete,Complete,Complete,Standard
L030-Q4,Complete,Complete,Complete,Complete,Standard
L030-Q5,Complete,Complete,Complete,Complete,Standard
L031-Q1,Complete,Complete,Complete,Complete,Standard
L031-Q2,Complete,Complete,Complete,Complete,Standard
L031-Q3,Complete,Complete,Complete,Complete,Standard
L031-Q4,Complete,Complete,Complete,Complete,Standard
L031-Q5,Complete,Complete,Complete,Complete,Standard
L032-Q1,Complete,Complete,Complete,Complete,Standard
L032-Q2,Complete,Complete,Complete,Complete,Standard
L032-Q3,Complete,Complete,Complete,Complete,Standard
L032-Q4,Complete,Complete,Complete,Complete,Standard
L032-Q5,Complete,Complete,Complete,Complete,Standard
L033-Q1,Complete,Complete,Complete,Complete,Standard
L033-Q2,Complete,Complete,Complete,Complete,Standard
L033-Q3,Complete,Complete,Complete,Complete,Standard
L033-Q4,Complete,Complete,Complete,Complete,Standard
L033-Q5,Complete,Complete,Complete,Complete,Standard
L034-Q1,Complete,Complete,Complete,Complete,Standard
L034-Q2,Complete,Complete,Complete,Complete,Standard
L034-Q3,Complete,Complete,Complete,Complete,Standard
L034-Q4,Complete,Complete,Complete,Complete,Standard
L034-Q5,Complete,Complete,Complete,Complete,Standard
L035-Q1,Complete,Complete,Complete,Complete,Standard
L035-Q2,Complete,Complete,Complete,Complete,Standard
L035-Q3,Complete,Complete,Complete,Complete,Standard
L035-Q4,Complete,Complete,Complete,Complete,Standard
L035-Q5,Complete,Complete,Complete,Complete,Standard
L036-Q1,Complete,Complete,Complete,Complete,Standard
L036-Q2,Complete,Complete,Complete,Complete,Standard
L036-Q3,Complete,Complete,Complete,Complete,Standard
L036-Q4,Complete,Complete,Complete,Complete,Standard
L036-Q5,Complete,Complete,Complete,Complete,Standard
L037-Q1,Complete,Complete,Complete,Complete,Standard
L037-Q2,Complete,Complete,Complete,Complete,Standard
L037-Q3,Complete,Complete,Complete,Complete,Standard
L037-Q4,Complete,Complete,Complete,Complete,Standard
L037-Q5,Complete,Complete,Complete,Complete,Standard
L038-Q1,Complete,Complete,Complete,Complete,Standard
L038-Q2,Complete,Complete,Complete,Complete,Standard
L038-Q3,Complete,Complete,Complete,Complete,Standard
L038-Q4,Complete,Complete,Complete,Complete,Standard
L038-Q5,Complete,Complete,Complete,Complete,Standard
L039-Q1,Complete,Complete,Complete,Complete,Standard
L039-Q2,Complete,Complete,Complete,Complete,Standard
L039-Q3,Complete,Complete,Complete,Complete,Standard
L039-Q4,Complete,Complete,Complete,Complete,Standard
L039-Q5,Complete,Complete,Complete,Complete,Standard
L040-Q1,Complete,Complete,Complete,Complete,Standard
L040-Q2,Complete,Complete,Complete,Complete,Standard
L040-Q3,Complete,Complete,Complete,Complete,Standard
L040-Q4,Complete,Complete,Complete,Complete,Standard
L040-Q5,Complete,Complete,Complete,Complete,Standard
L041-Q1,Complete,Complete,Complete,Complete,Standard
L041-Q2,Complete,Complete,Complete,Complete,Standard
L041-Q3,Complete,Complete,Complete,Complete,Standard
L041-Q4,Complete,Complete,Complete,Complete,Standard
L041-Q5,Complete,Complete,Complete,Complete,Standard
L042-Q1,Complete,Complete,Complete,Complete,Standard
L042-Q2,Complete,Complete,Complete,Complete,Standard
L042-Q3,Complete,Complete,Complete,Complete,Standard
L042-Q4,Complete,Complete,Complete,Complete,Standard
L042-Q5,Complete,Complete,Complete,Complete,Standard
L043-Q1,Complete,Complete,Complete,Complete,Standard
L043-Q2,Complete,Complete,Complete,Complete,Standard
L043-Q3,Complete,Complete,Complete,Complete,Standard
L043-Q4,Complete,Complete,Complete,Complete,Standard
L043-Q5,Complete,Complete,Complete,Complete,Standard
L044-Q1,Complete,Complete,Complete,Complete,Standard
L044-Q2,Complete,Complete,Complete,Complete,Standard
L044-Q3,Complete,Complete,Complete,Complete,Standard
L044-Q4,Complete,Complete,Complete,Complete,Standard
L044-Q5,Complete,Complete,Complete,Complete,Standard
L045-Q1,Complete,Complete,Complete,Complete,Standard
L045-Q2,Complete,Complete,Complete,Complete,Standard
L045-Q3,Complete,Complete,Complete,Complete,Standard
L045-Q4,Complete,Complete,Complete,Complete,Standard
L045-Q5,Complete,Complete,Complete,Complete,Standard
L046-Q1,Complete,Complete,Complete,Complete,Standard
L046-Q2,Complete,Complete,Complete,Complete,Standard
L046-Q3,Complete,Complete,Complete,Complete,Standard
L046-Q4,Complete,Complete,Complete,Complete,Standard
L046-Q5,Complete,Complete,Complete,Complete,Standard
L047-Q1,Complete,Complete,Complete,Complete,Standard
L047-Q2,Complete,Complete,Complete,Complete,Standard
L047-Q3,Complete,Complete,Complete,Complete,Standard
L047-Q4,Complete,Complete,Complete,Complete,Standard
L047-Q5,Complete,Complete,Complete,Complete,Standard
L048-Q1,Complete,Complete,Complete,Complete,Standard
L048-Q2,Complete,Complete,Complete,Complete,Standard
L048-Q3,Complete,Complete,Complete,Complete,Standard
L048-Q4,Complete,Complete,Complete,Complete,Standard
L048-Q5,Complete,Complete,Complete,Complete,Standard
L049-Q1,Complete,Complete,Complete,Complete,Standard
L049-Q2,Complete,Complete,Complete,Complete,Standard
L049-Q3,Complete,Complete,Complete,Complete,Standard
L049-Q4,Complete,Complete,Complete,Complete,Standard
L049-Q5,Complete,Complete,Complete,Complete,Standard
L050-Q1,Complete,Complete,Complete,Complete,Standard
L050-Q2,Complete,Complete,Complete,Complete,Standard
L050-Q3,Complete,Complete,Complete,Complete,Standard
L050-Q4,Complete,Complete,Complete,Complete,Standard
L050-Q5,Complete,Complete,Complete,Complete,Standard
L051-Q1,Complete,Complete,Complete,Complete,Standard
L051-Q2,Complete,Complete,Complete,Complete,Standard
L051-Q3,Complete,Complete,Complete,Complete,Standard
L051-Q4,Complete,Complete,Complete,Complete,Standard
L051-Q5,Complete,Complete,Complete,Complete,Standard
L052-Q1,Complete,Complete,Complete,Complete,Standard
L052-Q2,Complete,Complete,Complete,Complete,Standard
L052-Q3,Complete,Complete,Complete,Complete,Standard
L052-Q4,Complete,Complete,Complete,Complete,Standard
L052-Q5,Complete,Complete,Complete,Complete,Standard
L053-Q1,Complete,Complete,Complete,Complete,Specialist: System Software
L053-Q2,Complete,Complete,Complete,Complete,Specialist: System Software
L053-Q3,Complete,Complete,Complete,Complete,Specialist: System Software
L053-Q4,Complete,Complete,Complete,Complete,Specialist: System Software
L053-Q5,Complete,Complete,Complete,Complete,Specialist: System Software
L054-Q1,Complete,Complete,Complete,Complete,Specialist: System Software
L054-Q2,Complete,Complete,Complete,Complete,Specialist: System Software
L054-Q3,Complete,Complete,Complete,Complete,Specialist: System Software
L054-Q4,Complete,Complete,Complete,Complete,Specialist: System Software
L054-Q5,Complete,Complete,Complete,Complete,Specialist: System Software
L055-Q1,Complete,Complete,Complete,Complete,Specialist: System Software
L055-Q2,Complete,Complete,Complete,Complete,Specialist: System Software
L055-Q3,Complete,Complete,Complete,Complete,Specialist: System Software
L055-Q4,Complete,Complete,Complete,Complete,Specialist: System Software
L055-Q5,Complete,Complete,Complete,Complete,Specialist: System Software
L056-Q1,Complete,Complete,Complete,Complete,Specialist: System Software
L056-Q2,Complete,Complete,Complete,Complete,Specialist: System Software
L056-Q3,Complete,Complete,Complete,Complete,Specialist: System Software
L056-Q4,Complete,Complete,Complete,Complete,Specialist: System Software
L056-Q5,Complete,Complete,Complete,Complete,Specialist: System Software
L057-Q1,Complete,Complete,Complete,Complete,Specialist: System Software
L057-Q2,Complete,Complete,Complete,Complete,Specialist: System Software
L057-Q3,Complete,Complete,Complete,Complete,Specialist: System Software
L057-Q4,Complete,Complete,Complete,Complete,Specialist: System Software
L057-Q5,Complete,Complete,Complete,Complete,Specialist: System Software
L058-Q1,Complete,Complete,Complete,Complete,Specialist: System Software
L058-Q2,Complete,Complete,Complete,Complete,Specialist: System Software
L058-Q3,Complete,Complete,Complete,Complete,Specialist: System Software
L058-Q4,Complete,Complete,Complete,Complete,Specialist: System Software
L058-Q5,Complete,Complete,Complete,Complete,Specialist: System Software
L059-Q1,Complete,Complete,Complete,Complete,Specialist: System Software
L059-Q2,Complete,Complete,Complete,Complete,Specialist: System Software
L059-Q3,Complete,Complete,Complete,Complete,Specialist: System Software
L059-Q4,Complete,Complete,Complete,Complete,Specialist: System Software
L059-Q5,Complete,Complete,Complete,Complete,Specialist: System Software
L060-Q1,Complete,Complete,Complete,Complete,Specialist: System Software
L060-Q2,Complete,Complete,Complete,Complete,Specialist: System Software
L060-Q3,Complete,Complete,Complete,Complete,Specialist: System Software
L060-Q4,Complete,Complete,Complete,Complete,Specialist: System Software
L060-Q5,Complete,Complete,Complete,Complete,Specialist: System Software
L061-Q1,Complete,Complete,Complete,Complete,Specialist: System Software
L061-Q2,Complete,Complete,Complete,Complete,Specialist: System Software
L061-Q3,Complete,Complete,Complete,Complete,Specialist: System Software
L061-Q4,Complete,Complete,Complete,Complete,Specialist: System Software
L061-Q5,Complete,Complete,Complete,Complete,Specialist: System Software
L062-Q1,Complete,Complete,Complete,Complete,Specialist: System Software
L062-Q2,Complete,Complete,Complete,Complete,Specialist: System Software
L062-Q3,Complete,Complete,Complete,Complete,Specialist: System Software
L062-Q4,Complete,Complete,Complete,Complete,Specialist: System Software
L062-Q5,Complete,Complete,Complete,Complete,Specialist: System Software
L063-Q1,Complete,Complete,Complete,Complete,Specialist: Security
L063-Q2,Complete,Complete,Complete,Complete,Specialist: Security
L063-Q3,Complete,Complete,Complete,Complete,Specialist: Security
L063-Q4,Complete,Complete,Complete,Complete,Specialist: Security
L063-Q5,Complete,Complete,Complete,Complete,Specialist: Security
L064-Q1,Complete,Complete,Complete,Complete,Specialist: Security
L064-Q2,Complete,Complete,Complete,Complete,Specialist: Security
L064-Q3,Complete,Complete,Complete,Complete,Specialist: Security
L064-Q4,Complete,Complete,Complete,Complete,Specialist: Security
L064-Q5,Complete,Complete,Complete,Complete,Specialist: Security
L065-Q1,Complete,Complete,Complete,Complete,Specialist: Security
L065-Q2,Complete,Complete,Complete,Complete,Specialist: Security
L065-Q3,Complete,Complete,Complete,Complete,Specialist: Security
L065-Q4,Complete,Complete,Complete,Complete,Specialist: Security
L065-Q5,Complete,Complete,Complete,Complete,Specialist: Security
L066-Q1,Complete,Complete,Complete,Complete,Specialist: Security
L066-Q2,Complete,Complete,Complete,Complete,Specialist: Security
L066-Q3,Complete,Complete,Complete,Complete,Specialist: Security
L066-Q4,Complete,Complete,Complete,Complete,Specialist: Security
L066-Q5,Complete,Complete,Complete,Complete,Specialist: Security
L067-Q1,Complete,Complete,Complete,Complete,Specialist: Security
L067-Q2,Complete,Complete,Complete,Complete,Specialist: Security
L067-Q3,Complete,Complete,Complete,Complete,Specialist: Security
L067-Q4,Complete,Complete,Complete,Complete,Specialist: Security
L067-Q5,Complete,Complete,Complete,Complete,Specialist: Security
L068-Q1,Complete,Complete,Complete,Complete,Specialist: Security
L068-Q2,Complete,Complete,Complete,Complete,Specialist: Security
L068-Q3,Complete,Complete,Complete,Complete,Specialist: Security
L068-Q4,Complete,Complete,Complete,Complete,Specialist: Security
L068-Q5,Complete,Complete,Complete,Complete,Specialist: Security
L069-Q1,Complete,Complete,Complete,Complete,Specialist: Security
L069-Q2,Complete,Complete,Complete,Complete,Specialist: Security
L069-Q3,Complete,Complete,Complete,Complete,Specialist: Security
L069-Q4,Complete,Complete,Complete,Complete,Specialist: Security
L069-Q5,Complete,Complete,Complete,Complete,Specialist: Security
L070-Q1,Complete,Complete,Complete,Complete,Specialist: Security
L070-Q2,Complete,Complete,Complete,Complete,Specialist: Security
L070-Q3,Complete,Complete,Complete,Complete,Specialist: Security
L070-Q4,Complete,Complete,Complete,Complete,Specialist: Security
L070-Q5,Complete,Complete,Complete,Complete,Specialist: Security
L071-Q1,Complete,Complete,Complete,Complete,Specialist: Security
L071-Q2,Complete,Complete,Complete,Complete,Specialist: Security
L071-Q3,Complete,Complete,Complete,Complete,Specialist: Security
L071-Q4,Complete,Complete,Complete,Complete,Specialist: Security
L071-Q5,Complete,Complete,Complete,Complete,Specialist: Security
L072-Q1,Complete,Complete,Complete,Complete,Specialist: Security
L072-Q2,Complete,Complete,Complete,Complete,Specialist: Security
L072-Q3,Complete,Complete,Complete,Complete,Specialist: Security
L072-Q4,Complete,Complete,Complete,Complete,Specialist: Security
L072-Q5,Complete,Complete,Complete,Complete,Specialist: Security
L073-Q1,Complete,Complete,Complete,Complete,Specialist: Ethics
L073-Q2,Complete,Complete,Complete,Complete,Specialist: Ethics
L073-Q3,Complete,Complete,Complete,Complete,Specialist: Ethics
L073-Q4,Complete,Complete,Complete,Complete,Specialist: Ethics
L073-Q5,Complete,Complete,Complete,Complete,Specialist: Ethics
L074-Q1,Complete,Complete,Complete,Complete,Specialist: Ethics
L074-Q2,Complete,Complete,Complete,Complete,Specialist: Ethics
L074-Q3,Complete,Complete,Complete,Complete,Specialist: Ethics
L074-Q4,Complete,Complete,Complete,Complete,Specialist: Ethics
L074-Q5,Complete,Complete,Complete,Complete,Specialist: Ethics
L075-Q1,Complete,Complete,Complete,Complete,Specialist: Ethics
L075-Q2,Complete,Complete,Complete,Complete,Specialist: Ethics
L075-Q3,Complete,Complete,Complete,Complete,Specialist: Ethics
L075-Q4,Complete,Complete,Complete,Complete,Specialist: Ethics
L075-Q5,Complete,Complete,Complete,Complete,Specialist: Ethics
L076-Q1,Complete,Complete,Complete,Complete,Specialist: Ethics
L076-Q2,Complete,Complete,Complete,Complete,Specialist: Ethics
L076-Q3,Complete,Complete,Complete,Complete,Specialist: Ethics
L076-Q4,Complete,Complete,Complete,Complete,Specialist: Ethics
L076-Q5,Complete,Complete,Complete,Complete,Specialist: Ethics
L077-Q1,Complete,Complete,Complete,Complete,Specialist: Ethics
L077-Q2,Complete,Complete,Complete,Complete,Specialist: Ethics
L077-Q3,Complete,Complete,Complete,Complete,Specialist: Ethics
L077-Q4,Complete,Complete,Complete,Complete,Specialist: Ethics
L077-Q5,Complete,Complete,Complete,Complete,Specialist: Ethics
L078-Q1,Complete,Complete,Complete,Complete,Specialist: Ethics
L078-Q2,Complete,Complete,Complete,Complete,Specialist: Ethics
L078-Q3,Complete,Complete,Complete,Complete,Specialist: Ethics
L078-Q4,Complete,Complete,Complete,Complete,Specialist: Ethics
L078-Q5,Complete,Complete,Complete,Complete,Specialist: Ethics
L079-Q1,Complete,Complete,Complete,Complete,Specialist: Databases
L079-Q2,Complete,Complete,Complete,Complete,Specialist: Databases
L079-Q3,Complete,Complete,Complete,Complete,Specialist: Databases
L079-Q4,Complete,Complete,Complete,Complete,Specialist: Databases
L079-Q5,Complete,Complete,Complete,Complete,Specialist: Databases
L080-Q1,Complete,Complete,Complete,Complete,Specialist: Databases
L080-Q2,Complete,Complete,Complete,Complete,Specialist: Databases
L080-Q3,Complete,Complete,Complete,Complete,Specialist: Databases
L080-Q4,Complete,Complete,Complete,Complete,Specialist: Databases
L080-Q5,Complete,Complete,Complete,Complete,Specialist: Databases
L081-Q1,Complete,Complete,Complete,Complete,Specialist: Databases
L081-Q2,Complete,Complete,Complete,Complete,Specialist: Databases
L081-Q3,Complete,Complete,Complete,Complete,Specialist: Databases
L081-Q4,Complete,Complete,Complete,Complete,Specialist: Databases
L081-Q5,Complete,Complete,Complete,Complete,Specialist: Databases
L082-Q1,Complete,Complete,Complete,Complete,Specialist: Databases
L082-Q2,Complete,Complete,Complete,Complete,Specialist: Databases
L082-Q3,Complete,Complete,Complete,Complete,Specialist: Databases
L082-Q4,Complete,Complete,Complete,Complete,Specialist: Databases
L082-Q5,Complete,Complete,Complete,Complete,Specialist: Databases
L083-Q1,Complete,Complete,Complete,Complete,Specialist: Databases
L083-Q2,Complete,Complete,Complete,Complete,Specialist: Databases
L083-Q3,Complete,Complete,Complete,Complete,Specialist: Databases
L083-Q4,Complete,Complete,Complete,Complete,Specialist: Databases
L083-Q5,Complete,Complete,Complete,Complete,Specialist: Databases
L084-Q1,Complete,Complete,Complete,Complete,Specialist: Databases
L084-Q2,Complete,Complete,Complete,Complete,Specialist: Databases
L084-Q3,Complete,Complete,Complete,Complete,Specialist: Databases
L084-Q4,Complete,Complete,Complete,Complete,Specialist: Databases
L084-Q5,Complete,Complete,Complete,Complete,Specialist: Databases
L085-Q1,Complete,Complete,Complete,Complete,Specialist: Databases
L085-Q2,Complete,Complete,Complete,Complete,Specialist: Databases
L085-Q3,Complete,Complete,Complete,Complete,Specialist: Databases
L085-Q4,Complete,Complete,Complete,Complete,Specialist: Databases
L085-Q5,Complete,Complete,Complete,Complete,Specialist: Databases
L086-Q1,Complete,Complete,Complete,Complete,Specialist: Databases
L086-Q2,Complete,Complete,Complete,Complete,Specialist: Databases
L086-Q3,Complete,Complete,Complete,Complete,Specialist: Databases
L086-Q4,Complete,Complete,Complete,Complete,Specialist: Databases
L086-Q5,Complete,Complete,Complete,Complete,Specialist: Databases
L087-Q1,Complete,Complete,Complete,Complete,Specialist: Databases
L087-Q2,Complete,Complete,Complete,Complete,Specialist: Databases
L087-Q3,Complete,Complete,Complete,Complete,Specialist: Databases
L087-Q4,Complete,Complete,Complete,Complete,Specialist: Databases
L087-Q5,Complete,Complete,Complete,Complete,Specialist: Databases
L088-Q1,Complete,Complete,Complete,Complete,Specialist: Databases
L088-Q2,Complete,Complete,Complete,Complete,Specialist: Databases
L088-Q3,Complete,Complete,Complete,Complete,Specialist: Databases
L088-Q4,Complete,Complete,Complete,Complete,Specialist: Databases
L088-Q5,Complete,Complete,Complete,Complete,Specialist: Databases
L089-Q1,Complete,Complete,Complete,Complete,Specialist: Databases
L089-Q2,Complete,Complete,Complete,Complete,Specialist: Databases
L089-Q3,Complete,Complete,Complete,Complete,Specialist: Databases
L089-Q4,Complete,Complete,Complete,Complete,Specialist: Databases
L089-Q5,Complete,Complete,Complete,Complete,Specialist: Databases
L090-Q1,Complete,Complete,Complete,Complete,Specialist: Databases
L090-Q2,Complete,Complete,Complete,Complete,Specialist: Databases
L090-Q3,Complete,Complete,Complete,Complete,Specialist: Databases
L090-Q4,Complete,Complete,Complete,Complete,Specialist: Databases
L090-Q5,Complete,Complete,Complete,Complete,Specialist: Databases
L091-Q1,Complete,Complete,Complete,Complete,Specialist: Databases
L091-Q2,Complete,Complete,Complete,Complete,Specialist: Databases
L091-Q3,Complete,Complete,Complete,Complete,Specialist: Databases
L091-Q4,Complete,Complete,Complete,Complete,Specialist: Databases
L091-Q5,Complete,Complete,Complete,Complete,Specialist: Databases
L092-Q1,Complete,Complete,Complete,Complete,Specialist: Databases
L092-Q2,Complete,Complete,Complete,Complete,Specialist: Databases
L092-Q3,Complete,Complete,Complete,Complete,Specialist: Databases
L092-Q4,Complete,Complete,Complete,Complete,Specialist: Databases
L092-Q5,Complete,Complete,Complete,Complete,Specialist: Databases
L093-Q1,Complete,Complete,Complete,Complete,Specialist: Databases
L093-Q2,Complete,Complete,Complete,Complete,Specialist: Databases
L093-Q3,Complete,Complete,Complete,Complete,Specialist: Databases
L093-Q4,Complete,Complete,Complete,Complete,Specialist: Databases
L093-Q5,Complete,Complete,Complete,Complete,Specialist: Databases
L094-Q1,Complete,Complete,Complete,Complete,Specialist: Databases
L094-Q2,Complete,Complete,Complete,Complete,Specialist: Databases
L094-Q3,Complete,Complete,Complete,Complete,Specialist: Databases
L094-Q4,Complete,Complete,Complete,Complete,Specialist: Databases
L094-Q5,Complete,Complete,Complete,Complete,Specialist: Databases
L095-Q1,Complete,Complete,Complete,Complete,Specialist: Databases
L095-Q2,Complete,Complete,Complete,Complete,Specialist: Databases
L095-Q3,Complete,Complete,Complete,Complete,Specialist: Databases
L095-Q4,Complete,Complete,Complete,Complete,Specialist: Databases
L095-Q5,Complete,Complete,Complete,Complete,Specialist: Databases
L096-Q1,Complete,Complete,Complete,Complete,Specialist: Databases
L096-Q2,Complete,Complete,Complete,Complete,Specialist: Databases
L096-Q3,Complete,Complete,Complete,Complete,Specialist: Databases
L096-Q4,Complete,Complete,Complete,Complete,Specialist: Databases
L096-Q5,Complete,Complete,Complete,Complete,Specialist: Databases
L097-Q1,Complete,Complete,Complete,Complete,Specialist: Databases
L097-Q2,Complete,Complete,Complete,Complete,Specialist: Databases
L097-Q3,Complete,Complete,Complete,Complete,Specialist: Databases
L097-Q4,Complete,Complete,Complete,Complete,Specialist: Databases
L097-Q5,Complete,Complete,Complete,Complete,Specialist: Databases
L098-Q1,Complete,Complete,Complete,Complete,Specialist: Databases
L098-Q2,Complete,Complete,Complete,Complete,Specialist: Databases
L098-Q3,Complete,Complete,Complete,Complete,Specialist: Databases
L098-Q4,Complete,Complete,Complete,Complete,Specialist: Databases
L098-Q5,Complete,Complete,Complete,Complete,Specialist: Databases
L099-Q1,Complete,Complete,Complete,Complete,Standard
L099-Q2,Complete,Complete,Complete,Complete,Standard
L099-Q3,Complete,Complete,Complete,Complete,Standard
L099-Q4,Complete,Complete,Complete,Complete,Standard
L099-Q5,Complete,Complete,Complete,Complete,Standard
L100-Q1,Complete,Complete,Complete,Complete,Standard
L100-Q2,Complete,Complete,Complete,Complete,Standard
L100-Q3,Complete,Complete,Complete,Complete,Standard
L100-Q4,Complete,Complete,Complete,Complete,Standard
L100-Q5,Complete,Complete,Complete,Complete,Standard
L101-Q1,Complete,Complete,Complete,Complete,Standard
L101-Q2,Complete,Complete,Complete,Complete,Standard
L101-Q3,Complete,Complete,Complete,Complete,Standard
L101-Q4,Complete,Complete,Complete,Complete,Standard
L101-Q5,Complete,Complete,Complete,Complete,Standard
L102-Q1,Complete,Complete,Complete,Complete,Standard
L102-Q2,Complete,Complete,Complete,Complete,Standard
L102-Q3,Complete,Complete,Complete,Complete,Standard
L102-Q4,Complete,Complete,Complete,Complete,Standard
L102-Q5,Complete,Complete,Complete,Complete,Standard
L103-Q1,Complete,Complete,Complete,Complete,Standard
L103-Q2,Complete,Complete,Complete,Complete,Standard
L103-Q3,Complete,Complete,Complete,Complete,Standard
L103-Q4,Complete,Complete,Complete,Complete,Standard
L103-Q5,Complete,Complete,Complete,Complete,Standard
L104-Q1,Complete,Complete,Complete,Complete,Standard
L104-Q2,Complete,Complete,Complete,Complete,Standard
L104-Q3,Complete,Complete,Complete,Complete,Standard
L104-Q4,Complete,Complete,Complete,Complete,Standard
L104-Q5,Complete,Complete,Complete,Complete,Standard
L105-Q1,Complete,Complete,Complete,Complete,Standard
L105-Q2,Complete,Complete,Complete,Complete,Standard
L105-Q3,Complete,Complete,Complete,Complete,Standard
L105-Q4,Complete,Complete,Complete,Complete,Standard
L105-Q5,Complete,Complete,Complete,Complete,Standard
L106-Q1,Complete,Complete,Complete,Complete,Standard
L106-Q2,Complete,Complete,Complete,Complete,Standard
L106-Q3,Complete,Complete,Complete,Complete,Standard
L106-Q4,Complete,Complete,Complete,Complete,Standard
L106-Q5,Complete,Complete,Complete,Complete,Standard
L107-Q1,Complete,Complete,Complete,Complete,Standard
L107-Q2,Complete,Complete,Complete,Complete,Standard
L107-Q3,Complete,Complete,Complete,Complete,Standard
L107-Q4,Complete,Complete,Complete,Complete,Standard
L107-Q5,Complete,Complete,Complete,Complete,Standard
L108-Q1,Complete,Complete,Complete,Complete,Standard
L108-Q2,Complete,Complete,Complete,Complete,Standard
L108-Q3,Complete,Complete,Complete,Complete,Standard
L108-Q4,Complete,Complete,Complete,Complete,Standard
L108-Q5,Complete,Complete,Complete,Complete,Standard
L109-Q1,Complete,Complete,Complete,Complete,Standard
L109-Q2,Complete,Complete,Complete,Complete,Standard
L109-Q3,Complete,Complete,Complete,Complete,Standard
L109-Q4,Complete,Complete,Complete,Complete,Standard
L109-Q5,Complete,Complete,Complete,Complete,Standard
L110-Q1,Complete,Complete,Complete,Complete,Standard
L110-Q2,Complete,Complete,Complete,Complete,Standard
L110-Q3,Complete,Complete,Complete,Complete,Standard
L110-Q4,Complete,Complete,Complete,Complete,Standard
L110-Q5,Complete,Complete,Complete,Complete,Standard
L111-Q1,Complete,Complete,Complete,Complete,Standard
L111-Q2,Complete,Complete,Complete,Complete,Standard
L111-Q3,Complete,Complete,Complete,Complete,Standard
L111-Q4,Complete,Complete,Complete,Complete,Standard
L111-Q5,Complete,Complete,Complete,Complete,Standard
L112-Q1,Complete,Complete,Complete,Complete,Standard
L112-Q2,Complete,Complete,Complete,Complete,Standard
L112-Q3,Complete,Complete,Complete,Complete,Standard
L112-Q4,Complete,Complete,Complete,Complete,Standard
L112-Q5,Complete,Complete,Complete,Complete,Standard
L113-Q1,Complete,Complete,Complete,Complete,Standard
L113-Q2,Complete,Complete,Complete,Complete,Standard
L113-Q3,Complete,Complete,Complete,Complete,Standard
L113-Q4,Complete,Complete,Complete,Complete,Standard
L113-Q5,Complete,Complete,Complete,Complete,Standard
L114-Q1,Complete,Complete,Complete,Complete,Standard
L114-Q2,Complete,Complete,Complete,Complete,Standard
L114-Q3,Complete,Complete,Complete,Complete,Standard
L114-Q4,Complete,Complete,Complete,Complete,Standard
L114-Q5,Complete,Complete,Complete,Complete,Standard
L115-Q1,Complete,Complete,Complete,Complete,Standard
L115-Q2,Complete,Complete,Complete,Complete,Standard
L115-Q3,Complete,Complete,Complete,Complete,Standard
L115-Q4,Complete,Complete,Complete,Complete,Standard
L115-Q5,Complete,Complete,Complete,Complete,Standard
L116-Q1,Complete,Complete,Complete,Complete,Standard
L116-Q2,Complete,Complete,Complete,Complete,Standard
L116-Q3,Complete,Complete,Complete,Complete,Standard
L116-Q4,Complete,Complete,Complete,Complete,Standard
L116-Q5,Complete,Complete,Complete,Complete,Standard
L117-Q1,Complete,Complete,Complete,Complete,Standard
L117-Q2,Complete,Complete,Complete,Complete,Standard
L117-Q3,Complete,Complete,Complete,Complete,Standard
L117-Q4,Complete,Complete,Complete,Complete,Standard
L117-Q5,Complete,Complete,Complete,Complete,Standard
L118-Q1,Complete,Complete,Complete,Complete,Standard
L118-Q2,Complete,Complete,Complete,Complete,Standard
L118-Q3,Complete,Complete,Complete,Complete,Standard
L118-Q4,Complete,Complete,Complete,Complete,Standard
L118-Q5,Complete,Complete,Complete,Complete,Standard
L119-Q1,Complete,Complete,Complete,Complete,Standard
L119-Q2,Complete,Complete,Complete,Complete,Standard
L119-Q3,Complete,Complete,Complete,Complete,Standard
L119-Q4,Complete,Complete,Complete,Complete,Standard
L119-Q5,Complete,Complete,Complete,Complete,Standard
L120-Q1,Complete,Complete,Complete,Complete,Standard
L120-Q2,Complete,Complete,Complete,Complete,Standard
L120-Q3,Complete,Complete,Complete,Complete,Standard
L120-Q4,Complete,Complete,Complete,Complete,Standard
L120-Q5,Complete,Complete,Complete,Complete,Standard
L121-Q1,Complete,Complete,Complete,Complete,Standard
L121-Q2,Complete,Complete,Complete,Complete,Standard
L121-Q3,Complete,Complete,Complete,Complete,Standard
L121-Q4,Complete,Complete,Complete,Complete,Standard
L121-Q5,Complete,Complete,Complete,Complete,Standard
L122-Q1,Complete,Complete,Complete,Complete,Standard
L122-Q2,Complete,Complete,Complete,Complete,Standard
L122-Q3,Complete,Complete,Complete,Complete,Standard
L122-Q4,Complete,Complete,Complete,Complete,Standard
L122-Q5,Complete,Complete,Complete,Complete,Standard
L123-Q1,Complete,Complete,Complete,Complete,Standard
L123-Q2,Complete,Complete,Complete,Complete,Standard
L123-Q3,Complete,Complete,Complete,Complete,Standard
L123-Q4,Complete,Complete,Complete,Complete,Standard
L123-Q5,Complete,Complete,Complete,Complete,Standard
L124-Q1,Complete,Complete,Complete,Complete,Standard
L124-Q2,Complete,Complete,Complete,Complete,Standard
L124-Q3,Complete,Complete,Complete,Complete,Standard
L124-Q4,Complete,Complete,Complete,Complete,Standard
L124-Q5,Complete,Complete,Complete,Complete,Standard
L125-Q1,Complete,Complete,Complete,Complete,Standard
L125-Q2,Complete,Complete,Complete,Complete,Standard
L125-Q3,Complete,Complete,Complete,Complete,Standard
L125-Q4,Complete,Complete,Complete,Complete,Standard
L125-Q5,Complete,Complete,Complete,Complete,Standard
L126-Q1,Complete,Complete,Complete,Complete,Standard
L126-Q2,Complete,Complete,Complete,Complete,Standard
L126-Q3,Complete,Complete,Complete,Complete,Standard
L126-Q4,Complete,Complete,Complete,Complete,Standard
L126-Q5,Complete,Complete,Complete,Complete,Standard
L127-Q1,Complete,Complete,Complete,Complete,Standard
L127-Q2,Complete,Complete,Complete,Complete,Standard
L127-Q3,Complete,Complete,Complete,Complete,Standard
L127-Q4,Complete,Complete,Complete,Complete,Standard
L127-Q5,Complete,Complete,Complete,Complete,Standard
L128-Q1,Complete,Complete,Complete,Complete,Standard
L128-Q2,Complete,Complete,Complete,Complete,Standard
L128-Q3,Complete,Complete,Complete,Complete,Standard
L128-Q4,Complete,Complete,Complete,Complete,Standard
L128-Q5,Complete,Complete,Complete,Complete,Standard
L129-Q1,Complete,Complete,Complete,Complete,Standard
L129-Q2,Complete,Complete,Complete,Complete,Standard
L129-Q3,Complete,Complete,Complete,Complete,Standard
L129-Q4,Complete,Complete,Complete,Complete,Standard
L129-Q5,Complete,Complete,Complete,Complete,Standard
L130-Q1,Complete,Complete,Complete,Complete,Standard
L130-Q2,Complete,Complete,Complete,Complete,Standard
L130-Q3,Complete,Complete,Complete,Complete,Standard
L130-Q4,Complete,Complete,Complete,Complete,Standard
L130-Q5,Complete,Complete,Complete,Complete,Standard
L131-Q1,Complete,Complete,Complete,Complete,Standard
L131-Q2,Complete,Complete,Complete,Complete,Standard
L131-Q3,Complete,Complete,Complete,Complete,Standard
L131-Q4,Complete,Complete,Complete,Complete,Standard
L131-Q5,Complete,Complete,Complete,Complete,Standard
L132-Q1,Complete,Complete,Complete,Complete,Standard
L132-Q2,Complete,Complete,Complete,Complete,Standard
L132-Q3,Complete,Complete,Complete,Complete,Standard
L132-Q4,Complete,Complete,Complete,Complete,Standard
L132-Q5,Complete,Complete,Complete,Complete,Standard
L133-Q1,Complete,Complete,Complete,Complete,Standard
L133-Q2,Complete,Complete,Complete,Complete,Standard
L133-Q3,Complete,Complete,Complete,Complete,Standard
L133-Q4,Complete,Complete,Complete,Complete,Standard
L133-Q5,Complete,Complete,Complete,Complete,Standard
L134-Q1,Complete,Complete,Complete,Complete,Standard
L134-Q2,Complete,Complete,Complete,Complete,Standard
L134-Q3,Complete,Complete,Complete,Complete,Standard
L134-Q4,Complete,Complete,Complete,Complete,Standard
L134-Q5,Complete,Complete,Complete,Complete,Standard
L135-Q1,Complete,Complete,Complete,Complete,Standard
L135-Q2,Complete,Complete,Complete,Complete,Standard
L135-Q3,Complete,Complete,Complete,Complete,Standard
L135-Q4,Complete,Complete,Complete,Complete,Standard
L135-Q5,Complete,Complete,Complete,Complete,Standard
L136-Q1,Complete,Complete,Complete,Complete,Standard
L136-Q2,Complete,Complete,Complete,Complete,Standard
L136-Q3,Complete,Complete,Complete,Complete,Standard
L136-Q4,Complete,Complete,Complete,Complete,Standard
L136-Q5,Complete,Complete,Complete,Complete,Standard
L137-Q1,Complete,Complete,Complete,Complete,Standard
L137-Q2,Complete,Complete,Complete,Complete,Standard
L137-Q3,Complete,Complete,Complete,Complete,Standard
L137-Q4,Complete,Complete,Complete,Complete,Standard
L137-Q5,Complete,Complete,Complete,Complete,Standard
L138-Q1,Complete,Complete,Complete,Complete,Standard
L138-Q2,Complete,Complete,Complete,Complete,Standard
L138-Q3,Complete,Complete,Complete,Complete,Standard
L138-Q4,Complete,Complete,Complete,Complete,Standard
L138-Q5,Complete,Complete,Complete,Complete,Standard
L139-Q1,Complete,Complete,Complete,Complete,Standard
L139-Q2,Complete,Complete,Complete,Complete,Standard
L139-Q3,Complete,Complete,Complete,Complete,Standard
L139-Q4,Complete,Complete,Complete,Complete,Standard
L139-Q5,Complete,Complete,Complete,Complete,Standard
L140-Q1,Complete,Complete,Complete,Complete,Standard
L140-Q2,Complete,Complete,Complete,Complete,Standard
L140-Q3,Complete,Complete,Complete,Complete,Standard
L140-Q4,Complete,Complete,Complete,Complete,Standard
L140-Q5,Complete,Complete,Complete,Complete,Standard
L141-Q1,Complete,Complete,Complete,Complete,Standard
L141-Q2,Complete,Complete,Complete,Complete,Standard
L141-Q3,Complete,Complete,Complete,Complete,Standard
L141-Q4,Complete,Complete,Complete,Complete,Standard
L141-Q5,Complete,Complete,Complete,Complete,Standard
L142-Q1,Complete,Complete,Complete,Complete,Standard
L142-Q2,Complete,Complete,Complete,Complete,Standard
L142-Q3,Complete,Complete,Complete,Complete,Standard
L142-Q4,Complete,Complete,Complete,Complete,Standard
L142-Q5,Complete,Complete,Complete,Complete,Standard
L143-Q1,Complete,Complete,Complete,Complete,Standard
L143-Q2,Complete,Complete,Complete,Complete,Standard
L143-Q3,Complete,Complete,Complete,Complete,Standard
L143-Q4,Complete,Complete,Complete,Complete,Standard
L143-Q5,Complete,Complete,Complete,Complete,Standard
L144-Q1,Complete,Complete,Complete,Complete,Standard
L144-Q2,Complete,Complete,Complete,Complete,Standard
L144-Q3,Complete,Complete,Complete,Complete,Standard
L144-Q4,Complete,Complete,Complete,Complete,Standard
L144-Q5,Complete,Complete,Complete,Complete,Standard
L145-Q1,Complete,Complete,Complete,Complete,Standard
L145-Q2,Complete,Complete,Complete,Complete,Standard
L145-Q3,Complete,Complete,Complete,Complete,Standard
L145-Q4,Complete,Complete,Complete,Complete,Standard
L145-Q5,Complete,Complete,Complete,Complete,Standard
L146-Q1,Complete,Complete,Complete,Complete,Standard
L146-Q2,Complete,Complete,Complete,Complete,Standard
L146-Q3,Complete,Complete,Complete,Complete,Standard
L146-Q4,Complete,Complete,Complete,Complete,Standard
L146-Q5,Complete,Complete,Complete,Complete,Standard
L147-Q1,Complete,Complete,Complete,Complete,Standard
L147-Q2,Complete,Complete,Complete,Complete,Standard
L147-Q3,Complete,Complete,Complete,Complete,Standard
L147-Q4,Complete,Complete,Complete,Complete,Standard
L147-Q5,Complete,Complete,Complete,Complete,Standard
L148-Q1,Complete,Complete,Complete,Complete,Standard
L148-Q2,Complete,Complete,Complete,Complete,Standard
L148-Q3,Complete,Complete,Complete,Complete,Standard
L148-Q4,Complete,Complete,Complete,Complete,Standard
L148-Q5,Complete,Complete,Complete,Complete,Standard
L149-Q1,Complete,Complete,Complete,Complete,Standard
L149-Q2,Complete,Complete,Complete,Complete,Standard
L149-Q3,Complete,Complete,Complete,Complete,Standard
L149-Q4,Complete,Complete,Complete,Complete,Standard
L149-Q5,Complete,Complete,Complete,Complete,Standard
L150-Q1,Complete,Complete,Complete,Complete,Standard
L150-Q2,Complete,Complete,Complete,Complete,Standard
L150-Q3,Complete,Complete,Complete,Complete,Standard
L150-Q4,Complete,Complete,Complete,Complete,Standard
L150-Q5,Complete,Complete,Complete,Complete,Standard
L151-Q1,Complete,Complete,Complete,Complete,Standard
L151-Q2,Complete,Complete,Complete,Complete,Standard
L151-Q3,Complete,Complete,Complete,Complete,Standard
L151-Q4,Complete,Complete,Complete,Complete,Standard
L151-Q5,Complete,Complete,Complete,Complete,Standard
AQ005-Q1,Complete,Complete,Complete,Complete,Standard
AQ005-Q2,Complete,Complete,Complete,Complete,Standard
AQ005-Q3,Complete,Complete,Complete,Complete,Standard
AQ005-Q4,Complete,Complete,Complete,Complete,Standard
AQ005-Q5,Complete,Complete,Complete,Complete,Standard
AQ011-Q1,Complete,Complete,Complete,Complete,Standard
AQ011-Q2,Complete,Complete,Complete,Complete,Standard
AQ011-Q3,Complete,Complete,Complete,Complete,Standard
AQ011-Q4,Complete,Complete,Complete,Complete,Standard
AQ011-Q5,Complete,Complete,Complete,Complete,Standard
AQ016-Q1,Complete,Complete,Complete,Complete,Standard
AQ016-Q2,Complete,Complete,Complete,Complete,Standard
AQ016-Q3,Complete,Complete,Complete,Complete,Standard
AQ016-Q4,Complete,Complete,Complete,Complete,Standard
AQ016-Q5,Complete,Complete,Complete,Complete,Standard
AQ021-Q1,Complete,Complete,Complete,Complete,Standard
AQ021-Q2,Complete,Complete,Complete,Complete,Standard
AQ021-Q3,Complete,Complete,Complete,Complete,Standard
AQ021-Q4,Complete,Complete,Complete,Complete,Standard
AQ021-Q5,Complete,Complete,Complete,Complete,Standard
AQ026-Q1,Complete,Complete,Complete,Complete,Standard
AQ026-Q2,Complete,Complete,Complete,Complete,Standard
AQ026-Q3,Complete,Complete,Complete,Complete,Standard
AQ026-Q4,Complete,Complete,Complete,Complete,Standard
AQ026-Q5,Complete,Complete,Complete,Complete,Standard
AQ031-Q1,Complete,Complete,Complete,Complete,Standard
AQ031-Q2,Complete,Complete,Complete,Complete,Standard
AQ031-Q3,Complete,Complete,Complete,Complete,Standard
AQ031-Q4,Complete,Complete,Complete,Complete,Standard
AQ031-Q5,Complete,Complete,Complete,Complete,Standard
AQ036-Q1,Complete,Complete,Complete,Complete,Standard
AQ036-Q2,Complete,Complete,Complete,Complete,Standard
AQ036-Q3,Complete,Complete,Complete,Complete,Standard
AQ036-Q4,Complete,Complete,Complete,Complete,Standard
AQ036-Q5,Complete,Complete,Complete,Complete,Standard
AQ041-Q1,Complete,Complete,Complete,Complete,Standard
AQ041-Q2,Complete,Complete,Complete,Complete,Standard
AQ041-Q3,Complete,Complete,Complete,Complete,Standard
AQ041-Q4,Complete,Complete,Complete,Complete,Standard
AQ041-Q5,Complete,Complete,Complete,Complete,Standard
AQ046-Q1,Complete,Complete,Complete,Complete,Standard
AQ046-Q2,Complete,Complete,Complete,Complete,Standard
AQ046-Q3,Complete,Complete,Complete,Complete,Standard
AQ046-Q4,Complete,Complete,Complete,Complete,Standard
AQ046-Q5,Complete,Complete,Complete,Complete,Standard
AQ051-Q1,Complete,Complete,Complete,Complete,Standard
AQ051-Q2,Complete,Complete,Complete,Complete,Standard
AQ051-Q3,Complete,Complete,Complete,Complete,Standard
AQ051-Q4,Complete,Complete,Complete,Complete,Standard
AQ051-Q5,Complete,Complete,Complete,Complete,Standard
AQ056-Q1,Complete,Complete,Complete,Complete,Specialist: System Software
AQ056-Q2,Complete,Complete,Complete,Complete,Specialist: System Software
AQ056-Q3,Complete,Complete,Complete,Complete,Specialist: System Software
AQ056-Q4,Complete,Complete,Complete,Complete,Specialist: System Software
AQ056-Q5,Complete,Complete,Complete,Complete,Specialist: System Software
AQ061-Q1,Complete,Complete,Complete,Complete,Specialist: System Software
AQ061-Q2,Complete,Complete,Complete,Complete,Specialist: System Software
AQ061-Q3,Complete,Complete,Complete,Complete,Specialist: System Software
AQ061-Q4,Complete,Complete,Complete,Complete,Specialist: System Software
AQ061-Q5,Complete,Complete,Complete,Complete,Specialist: System Software
AQ066-Q1,Complete,Complete,Complete,Complete,Specialist: Security
AQ066-Q2,Complete,Complete,Complete,Complete,Specialist: Security
AQ066-Q3,Complete,Complete,Complete,Complete,Specialist: Security
AQ066-Q4,Complete,Complete,Complete,Complete,Specialist: Security
AQ066-Q5,Complete,Complete,Complete,Complete,Specialist: Security
AQ071-Q1,Complete,Complete,Complete,Complete,Specialist: Security
AQ071-Q2,Complete,Complete,Complete,Complete,Specialist: Security
AQ071-Q3,Complete,Complete,Complete,Complete,Specialist: Security
AQ071-Q4,Complete,Complete,Complete,Complete,Specialist: Security
AQ071-Q5,Complete,Complete,Complete,Complete,Specialist: Security
AQ076-Q1,Complete,Complete,Complete,Complete,Specialist: Ethics
AQ076-Q2,Complete,Complete,Complete,Complete,Specialist: Ethics
AQ076-Q3,Complete,Complete,Complete,Complete,Specialist: Ethics
AQ076-Q4,Complete,Complete,Complete,Complete,Specialist: Ethics
AQ076-Q5,Complete,Complete,Complete,Complete,Specialist: Ethics
AQ081-Q1,Complete,Complete,Complete,Complete,Specialist: Ethics
AQ081-Q2,Complete,Complete,Complete,Complete,Specialist: Ethics
AQ081-Q3,Complete,Complete,Complete,Complete,Specialist: Ethics
AQ081-Q4,Complete,Complete,Complete,Complete,Specialist: Ethics
AQ081-Q5,Complete,Complete,Complete,Complete,Specialist: Ethics
AQ086-Q1,Complete,Complete,Complete,Complete,Specialist: Databases
AQ086-Q2,Complete,Complete,Complete,Complete,Specialist: Databases
AQ086-Q3,Complete,Complete,Complete,Complete,Specialist: Databases
AQ086-Q4,Complete,Complete,Complete,Complete,Specialist: Databases
AQ086-Q5,Complete,Complete,Complete,Complete,Specialist: Databases
AQ091-Q1,Complete,Complete,Complete,Complete,Specialist: Databases
AQ091-Q2,Complete,Complete,Complete,Complete,Specialist: Databases
AQ091-Q3,Complete,Complete,Complete,Complete,Specialist: Databases
AQ091-Q4,Complete,Complete,Complete,Complete,Specialist: Databases
AQ091-Q5,Complete,Complete,Complete,Complete,Specialist: Databases
AQ096-Q1,Complete,Complete,Complete,Complete,Specialist: Databases
AQ096-Q2,Complete,Complete,Complete,Complete,Specialist: Databases
AQ096-Q3,Complete,Complete,Complete,Complete,Specialist: Databases
AQ096-Q4,Complete,Complete,Complete,Complete,Specialist: Databases
AQ096-Q5,Complete,Complete,Complete,Complete,Specialist: Databases
AQ101-Q1,Complete,Complete,Complete,Complete,Standard
AQ101-Q2,Complete,Complete,Complete,Complete,Standard
AQ101-Q3,Complete,Complete,Complete,Complete,Standard
AQ101-Q4,Complete,Complete,Complete,Complete,Standard
AQ101-Q5,Complete,Complete,Complete,Complete,Standard
AQ106-Q1,Complete,Complete,Complete,Complete,Standard
AQ106-Q2,Complete,Complete,Complete,Complete,Standard
AQ106-Q3,Complete,Complete,Complete,Complete,Standard
AQ106-Q4,Complete,Complete,Complete,Complete,Standard
AQ106-Q5,Complete,Complete,Complete,Complete,Standard
AQ111-Q1,Complete,Complete,Complete,Complete,Standard
AQ111-Q2,Complete,Complete,Complete,Complete,Standard
AQ111-Q3,Complete,Complete,Complete,Complete,Standard
AQ111-Q4,Complete,Complete,Complete,Complete,Standard
AQ111-Q5,Complete,Complete,Complete,Complete,Standard
AQ116-Q1,Complete,Complete,Complete,Complete,Standard
AQ116-Q2,Complete,Complete,Complete,Complete,Standard
AQ116-Q3,Complete,Complete,Complete,Complete,Standard
AQ116-Q4,Complete,Complete,Complete,Complete,Standard
AQ116-Q5,Complete,Complete,Complete,Complete,Standard
AQ121-Q1,Complete,Complete,Complete,Complete,Standard
AQ121-Q2,Complete,Complete,Complete,Complete,Standard
AQ121-Q3,Complete,Complete,Complete,Complete,Standard
AQ121-Q4,Complete,Complete,Complete,Complete,Standard
AQ121-Q5,Complete,Complete,Complete,Complete,Standard
AQ126-Q1,Complete,Complete,Complete,Complete,Standard
AQ126-Q2,Complete,Complete,Complete,Complete,Standard
AQ126-Q3,Complete,Complete,Complete,Complete,Standard
AQ126-Q4,Complete,Complete,Complete,Complete,Standard
AQ126-Q5,Complete,Complete,Complete,Complete,Standard
AQ131-Q1,Complete,Complete,Complete,Complete,Standard
AQ131-Q2,Complete,Complete,Complete,Complete,Standard
AQ131-Q3,Complete,Complete,Complete,Complete,Standard
AQ131-Q4,Complete,Complete,Complete,Complete,Standard
AQ131-Q5,Complete,Complete,Complete,Complete,Standard
AQ136-Q1,Complete,Complete,Complete,Complete,Standard
AQ136-Q2,Complete,Complete,Complete,Complete,Standard
AQ136-Q3,Complete,Complete,Complete,Complete,Standard
AQ136-Q4,Complete,Complete,Complete,Complete,Standard
AQ136-Q5,Complete,Complete,Complete,Complete,Standard
AQ141-Q1,Complete,Complete,Complete,Complete,Standard
AQ141-Q2,Complete,Complete,Complete,Complete,Standard
AQ141-Q3,Complete,Complete,Complete,Complete,Standard
AQ141-Q4,Complete,Complete,Complete,Complete,Standard
AQ141-Q5,Complete,Complete,Complete,Complete,Standard
AQ146-Q1,Complete,Complete,Complete,Complete,Standard
AQ146-Q2,Complete,Complete,Complete,Complete,Standard
AQ146-Q3,Complete,Complete,Complete,Complete,Standard
AQ146-Q4,Complete,Complete,Complete,Complete,Standard
AQ146-Q5,Complete,Complete,Complete,Complete,Standard
AQ151-Q1,Complete,Complete,Complete,Complete,Standard
AQ151-Q2,Complete,Complete,Complete,Complete,Standard
AQ151-Q3,Complete,Complete,Complete,Complete,Standard
AQ151-Q4,Complete,Complete,Complete,Complete,Standard
AQ151-Q5,Complete,Complete,Complete,Complete,Standard
AM021-Q1,Complete,Complete,Complete,Complete,Standard
AM021-Q2,Complete,Complete,Complete,Complete,Standard
AM021-Q3,Complete,Complete,Complete,Complete,Standard
AM021-Q4,Complete,Complete,Complete,Complete,Standard
AM021-Q5,Complete,Complete,Complete,Complete,Standard
AM041-Q1,Complete,Complete,Complete,Complete,Standard
AM041-Q2,Complete,Complete,Complete,Complete,Standard
AM041-Q3,Complete,Complete,Complete,Complete,Standard
AM041-Q4,Complete,Complete,Complete,Complete,Standard
AM041-Q5,Complete,Complete,Complete,Complete,Standard
AM061-Q1,Complete,Complete,Complete,Complete,Specialist: System Software
AM061-Q2,Complete,Complete,Complete,Complete,Specialist: System Software
AM061-Q3,Complete,Complete,Complete,Complete,Specialist: System Software
AM061-Q4,Complete,Complete,Complete,Complete,Specialist: System Software
AM061-Q5,Complete,Complete,Complete,Complete,Specialist: System Software
AM081-Q1,Complete,Complete,Complete,Complete,Specialist: Security
AM081-Q2,Complete,Complete,Complete,Complete,Specialist: Security
AM081-Q3,Complete,Complete,Complete,Complete,Specialist: Security
AM081-Q4,Complete,Complete,Complete,Complete,Specialist: Security
AM081-Q5,Complete,Complete,Complete,Complete,Specialist: Security
AM101-Q1,Complete,Complete,Complete,Complete,Standard
AM101-Q2,Complete,Complete,Complete,Complete,Standard
AM101-Q3,Complete,Complete,Complete,Complete,Standard
AM101-Q4,Complete,Complete,Complete,Complete,Standard
AM101-Q5,Complete,Complete,Complete,Complete,Standard
AM121-Q1,Complete,Complete,Complete,Complete,Standard
AM121-Q2,Complete,Complete,Complete,Complete,Standard
AM121-Q3,Complete,Complete,Complete,Complete,Standard
AM121-Q4,Complete,Complete,Complete,Complete,Standard
AM121-Q5,Complete,Complete,Complete,Complete,Standard
AM141-Q1,Complete,Complete,Complete,Complete,Standard
AM141-Q2,Complete,Complete,Complete,Complete,Standard
AM141-Q3,Complete,Complete,Complete,Complete,Standard
AM141-Q4,Complete,Complete,Complete,Complete,Standard
AM141-Q5,Complete,Complete,Complete,Complete,Standard
AR016-Q1,Complete,Complete,Complete,Complete,Standard
AR016-Q2,Complete,Complete,Complete,Complete,Standard
AR027-Q1,Complete,Complete,Complete,Complete,Standard
AR027-Q2,Complete,Complete,Complete,Complete,Standard
AR041-Q1,Complete,Complete,Complete,Complete,Standard
AR041-Q2,Complete,Complete,Complete,Complete,Standard
AR052-Q1,Complete,Complete,Complete,Complete,Standard
AR052-Q2,Complete,Complete,Complete,Complete,Standard
AR062-Q1,Complete,Complete,Complete,Complete,Specialist: System Software
AR062-Q2,Complete,Complete,Complete,Complete,Specialist: System Software
AR072-Q1,Complete,Complete,Complete,Complete,Specialist: Security
AR072-Q2,Complete,Complete,Complete,Complete,Specialist: Security
AR078-Q1,Complete,Complete,Complete,Complete,Specialist: Ethics
AR078-Q2,Complete,Complete,Complete,Complete,Specialist: Ethics
AR090-Q1,Complete,Complete,Complete,Complete,Specialist: Databases
AR090-Q2,Complete,Complete,Complete,Complete,Specialist: Databases
AR098-Q1,Complete,Complete,Complete,Complete,Specialist: Databases
AR098-Q2,Complete,Complete,Complete,Complete,Specialist: Databases
AR113-Q1,Complete,Complete,Complete,Complete,Standard
AR113-Q2,Complete,Complete,Complete,Complete,Standard
AR126-Q1,Complete,Complete,Complete,Complete,Standard
AR126-Q2,Complete,Complete,Complete,Complete,Standard
AR142-Q1,Complete,Complete,Complete,Complete,Standard
AR142-Q2,Complete,Complete,Complete,Complete,Standard
AR147-Q1,Complete,Complete,Complete,Complete,Standard
AR147-Q2,Complete,Complete,Complete,Complete,Standard
AR151-Q1,Complete,Complete,Complete,Complete,Standard
AR151-Q2,Complete,Complete,Complete,Complete,Standard
