page,semantics,keyboard,contrast,language,status,content_hash
index,Pass,Pass,Pass,Pass,Approved,0722dbc65ea5cf4eea69afabf57807b86c714a4d7a4f380cfba71e346de41659
assessments,Pass,Pass,Pass,Pass,Approved,9a39f90efd50d950a76911a4417f94954ef1862b070c2a1e953c6ca902d0a876
resources,Pass,Pass,Pass,Pass,Approved,9501496cc25b193c4dcd8ba4ac070e1b00679de1b7e8c688f6fe215fd553f67e
lesson-001,Pass,Pass,Pass,Pass,Approved,bdcbe9d183c523f3030c67f655493ae8b8d96e6abe1822a764c1834f8dc57df3
lesson-002,Pass,Pass,Pass,Pass,Approved,e8f2760dbc8db77918bd42eb06d3c33b8c56b59cc138791c5e0c3f326cb56b9d
lesson-003,Pass,Pass,Pass,Pass,Approved,aa607710b4aefda66f44b34f398b2f207fba1ffe96aaf7301d6368ecb967af8b
lesson-004,Pass,Pass,Pass,Pass,Approved,dbb319b8d5f44bda2adfc751084768374aa39c6ab1e121cbd718423d5229ae0e
lesson-005,Pass,Pass,Pass,Pass,Approved,7e76ed2e84dff7d367515150b5aec16432f64e82cab85312e184fd55d4a7bd02
lesson-006,Pass,Pass,Pass,Pass,Approved,489a3b6ba20853b31f1a198b1cce95585d860df7a3b310a7528fc40cec340d56
lesson-007,Pass,Pass,Pass,Pass,Approved,3bc738b4b7d707ee2315d2e933f7a0dab96684d5a1ce810babee8c6da7379b79
lesson-008,Pass,Pass,Pass,Pass,Approved,baa67adc88479e9df70e5ac2146452b7c6987a2c0656f060bcabc962a27592e5
lesson-009,Pass,Pass,Pass,Pass,Approved,4100c5ed77bcf5d17d74e403c0407d5696bc26eaf8567b4df86e6efb263fc44e
lesson-010,Pass,Pass,Pass,Pass,Approved,cd2a0817d23ad9a356896a998f11be54eae1d0d6f445eece7c3e6441fb366613
lesson-011,Pass,Pass,Pass,Pass,Approved,71282758f7c1ee2143a62bbd4789e20ca03e33163d6d3fe3e42b96f19477e947
lesson-012,Pass,Pass,Pass,Pass,Approved,3d2d6397fefb7ddeaac1f7da5cbcef1e8af61cd1c77a135ee87585c1fe326bc8
lesson-013,Pass,Pass,Pass,Pass,Approved,f400f8dfaace571823f3494a4ea51b30a975b6930dff28f7b3ba291d39d7cf38
lesson-014,Pass,Pass,Pass,Pass,Approved,472fb9964a6ce6ec857152313b262450533e5c302f7d14b1875f58e342755698
lesson-015,Pass,Pass,Pass,Pass,Approved,14dcda3af4937f855c107b8619b14fed4f62f1bc5b3c80f49da9c0ef5cf81ae6
lesson-016,Pass,Pass,Pass,Pass,Approved,07c452878305321da6f0820d2db05398f418b7efddfeb6f13c4ebd8a19afea4e
lesson-017,Pass,Pass,Pass,Pass,Approved,0b0399d8fc9b3bbf1e0edc691cd3a765a15163cba59b33c255a56655e557d41f
lesson-018,Pass,Pass,Pass,Pass,Approved,28cb33c6b0c818adc2d562ecac4daec11b3712c330d9e560982e710e3b8d5797
lesson-019,Pass,Pass,Pass,Pass,Approved,afbd1dd5e4733dd52177e6a207f5705b0956d19e81cfba4323da287380126284
lesson-020,Pass,Pass,Pass,Pass,Approved,5ebcc9a8d3039d55727024a88a3f8c645a0474128b51c3ff78f9c00d5c4943da
lesson-021,Pass,Pass,Pass,Pass,Approved,28aaf591e73c7415c9248dae86b2168c8b92f0ee34bc00ccd695e2aa27c8177c
lesson-022,Pass,Pass,Pass,Pass,Approved,3de804a17ed304877f73e3d2fabc21ca13ff1171e90fb1191095ee568243f4da
lesson-023,Pass,Pass,Pass,Pass,Approved,70f00bed9498c1309e5367afdfc27c0dfd176657f2e7690a4eec418461e105f0
lesson-024,Pass,Pass,Pass,Pass,Approved,62ebf11c2314ce9366c752d9d53a815065369fa8fd85af4a24f30442959c4614
lesson-025,Pass,Pass,Pass,Pass,Approved,b6c5202b5b81b9b8e9cf8101f16a6664b99634e08e34fbfbb689772a333c5a23
lesson-026,Pass,Pass,Pass,Pass,Approved,f21039446fbb9e8b717cd974444cdac3e684517213d81ecb864a749bb4087b7e
lesson-027,Pass,Pass,Pass,Pass,Approved,514f07ef6c00672cbf794e4061aba33402d0d44285bdfdf9014f153faa8944a7
lesson-028,Pass,Pass,Pass,Pass,Approved,d74df9b5f4af0f4107d7f043b05ed0b41fe3241d12df4a23475778a2c5900e22
lesson-029,Pass,Pass,Pass,Pass,Approved,6dc694d3a7ac8e4f6b3932154890e8d74358bdb0f72a1710d32ecb9caecdea5a
lesson-030,Pass,Pass,Pass,Pass,Approved,4927fdd1f6badfc5f74885eafd5f864502d0933eff1b7b067e2f528f6f0d1eb7
lesson-031,Pass,Pass,Pass,Pass,Approved,4dcdee07b046c8afc6d5a6a11ae0635a513c6e4fd4525e8e5f6665669cebd880
lesson-032,Pass,Pass,Pass,Pass,Approved,98db2c6006a6265fc68af45ef2b1ea39e2f663615873741f1ddfe49e31494c35
lesson-033,Pass,Pass,Pass,Pass,Approved,df419d5ad0db4e58c1219432eddf08a65f768ceee6a057bb43730c04e0829f35
lesson-034,Pass,Pass,Pass,Pass,Approved,bdf4c83e22f391bb215d0306a7fd46980ee632b190086919341c6fa67be646a2
lesson-035,Pass,Pass,Pass,Pass,Approved,641515fccad9a5a5308ea8e7264fe5dec5d932beb167336bf06ec30e5b41e014
lesson-036,Pass,Pass,Pass,Pass,Approved,3cdd4793ed6af4ccde0c9e4a20a0abb2474cf81d3efc6b11343f05dbde24ee87
lesson-037,Pass,Pass,Pass,Pass,Approved,5c8c234dccc956ccff057f01398dcfa17d20b3c3cb8ec478beb8a27c719c78e9
lesson-038,Pass,Pass,Pass,Pass,Approved,4a9f40ac7c022a9db7909ab70716be046f913dfd8f3060db25f6078e1c318caa
lesson-039,Pass,Pass,Pass,Pass,Approved,4490a3ef7e7236c52e89fc67e69e97cab2ed1fc9b48a2736133ad368c45b2d90
lesson-040,Pass,Pass,Pass,Pass,Approved,b8b00ac7e42f42fc6345f88806744f9b27a2008fef8a861a29c53558ded30459
lesson-041,Pass,Pass,Pass,Pass,Approved,dbb297b3c543b382c04310fa81e6af68d5ea767e61e001c9f3cd77459a040604
lesson-042,Pass,Pass,Pass,Pass,Approved,3c16f5ce0b88b8ba745f44d8b7f40bf13af261646e56e746e6d3303d419ae484
lesson-043,Pass,Pass,Pass,Pass,Approved,c1525d3abfc1a0ac0eda389f772b1f64974aa6a10dd88093754e2bd65c4aa6df
lesson-044,Pass,Pass,Pass,Pass,Approved,7885793be39bec100d3ebd7b127a18a18c25cf67b5de77c1109f9562effceede
lesson-045,Pass,Pass,Pass,Pass,Approved,c9b247ca0baf7c431348d21685c8233b0fa2da11e0b2f25b3b956a8d33cfbdf0
lesson-046,Pass,Pass,Pass,Pass,Approved,e2295c0524431dff14e9c679617acfed8fdbf2e0441609a3c82f488d26d18f21
lesson-047,Pass,Pass,Pass,Pass,Approved,59aba9174ce49cd74233f43cacb81b21d7e5e22c16efd3d3c4094a628763e7f8
lesson-048,Pass,Pass,Pass,Pass,Approved,84313f90b7368dc72474e95e96e3290e41b2c8f22c90832daa4520ea6b316bdd
lesson-049,Pass,Pass,Pass,Pass,Approved,0843648f393e4ba4b098decef089eef9c28b00d7a03309f2cc32a36f1ed807a6
lesson-050,Pass,Pass,Pass,Pass,Approved,c660a481817971a97d0bfdcc2ac63cfbfd6d9f891187c1a812cb6adc7c855853
lesson-051,Pass,Pass,Pass,Pass,Approved,63b925314d7dc58920ef91c953ce921566cee1729ad4a140b989a9740ea7fa55
lesson-052,Pass,Pass,Pass,Pass,Approved,5583b13b8c89e9838f5318348e5a9199a9078346ec9f40f8c689c3dbd6f62d65
lesson-053,Pass,Pass,Pass,Pass,Approved,802eee8746307c33c192dabce945952f201e46f94926931a7bffc997ea14ed83
lesson-054,Pass,Pass,Pass,Pass,Approved,8cb60da2e126d105f8459adf01fe07b14658a51aea6fe56f2b09e2e616f01c50
lesson-055,Pass,Pass,Pass,Pass,Approved,db0a1ac0149fb4f7b7cd6575a3ce03757224d8a91c68f22cc5798e763a8c3ffb
lesson-056,Pass,Pass,Pass,Pass,Approved,98355dd718a898d278ecddef299715ce075b579471b82247a8d0a1ca400ace10
lesson-057,Pass,Pass,Pass,Pass,Approved,758aa450f94f8d55be0306038f4c5d4a7267759f9c5fb1f884ce02e9f86ac114
lesson-058,Pass,Pass,Pass,Pass,Approved,d2db352f50b1d69594160a52a0b27f2d45870133d1c0282c9131a3ae9f6039c6
lesson-059,Pass,Pass,Pass,Pass,Approved,76c2dbb7c5cc3b830c7c7b6003920adb96c64ee1723694025d42c461423b06b2
lesson-060,Pass,Pass,Pass,Pass,Approved,82618a5dd2bb68845c6b577cabd6fff55c486af6f70fa5154e2e29ddd42e6aca
lesson-061,Pass,Pass,Pass,Pass,Approved,f079de3a71a35d11c6c39473215a1ae67ff956c463454eddd75de5e2019bed67
lesson-062,Pass,Pass,Pass,Pass,Approved,b68a9e0d9d0678c1e42538549aa693da52dca3fd245f6842ae21eac1ff598dbf
lesson-063,Pass,Pass,Pass,Pass,Approved,e95dede993cf1f96b75f99dea5589a260e36350d521c890ba40118b7f85f126f
lesson-064,Pass,Pass,Pass,Pass,Approved,551b7e94dc8d1cae3ae2eb31ebfc274b23e1627d183a3cbe17934bcb937cc124
lesson-065,Pass,Pass,Pass,Pass,Approved,4c320978978431c9c906e9509d44ad8824e33474bec4867f466feb6a0c818e58
lesson-066,Pass,Pass,Pass,Pass,Approved,b19895c8f1df685185fd1eefc7433f3a8efbaa680e1f0f08fcf3b843c521e3a3
lesson-067,Pass,Pass,Pass,Pass,Approved,db3625191ac8b9d3c2f05e9de8c17dc303ae5a955f60ce42e41879d410fc0b6d
lesson-068,Pass,Pass,Pass,Pass,Approved,e5ba043fb2a227a34c8aa9eb2bf3117f3da40a5317068b05f16bd68f3338b800
lesson-069,Pass,Pass,Pass,Pass,Approved,a3a02bbc9e9906ec7495af453877e92363e99e09c63fea8591d0ac45d4a8384a
lesson-070,Pass,Pass,Pass,Pass,Approved,2dca0ee495f59e0a5e6412784c88d22d33c1f8d53a1a4ed5126a9f5e112c2c45
lesson-071,Pass,Pass,Pass,Pass,Approved,a6cbcfe111f0ff58481a139f992fe9cc1dff456c8104f391f1d29993b78418b3
lesson-072,Pass,Pass,Pass,Pass,Approved,ad4f8565fe4da032aef67136da97fe30f2e8cdd8f27425318c4a0162f240d5dc
lesson-073,Pass,Pass,Pass,Pass,Approved,d7b431346866511a105f353ddcdad21565ff397e41a72edf656ce2a2c559d405
lesson-074,Pass,Pass,Pass,Pass,Approved,8283d37fcc2c1c208f1f3da7b1e230d7fa6c1d0ea413d5f5e220f5bf975d69c6
lesson-075,Pass,Pass,Pass,Pass,Approved,5c9a41965db4b0cf905f6789f063a37b9b136ad9eaa82c53e1b39e358626bce4
lesson-076,Pass,Pass,Pass,Pass,Approved,93e79f39c37f68c11508a7908169c3e25433a60bf72612c4aedc6bfff7c1bc0a
lesson-077,Pass,Pass,Pass,Pass,Approved,11967623845202624fdc925b444424f70774d16986c9cde01025d983e3859a9f
lesson-078,Pass,Pass,Pass,Pass,Approved,741c94f2c4ee6e00a58654763dc34cf48acc93aca2d5c431fced1604096faa2b
lesson-079,Pass,Pass,Pass,Pass,Approved,29c55f58ffb5578af61c4e8b3e3e4b74865aab62f9836387ec9f821afe6493af
lesson-080,Pass,Pass,Pass,Pass,Approved,127ee14fe99c8537490cdd59a0b12539011dc8c690e9800befc5a6c6055dee93
lesson-081,Pass,Pass,Pass,Pass,Approved,442b8b7f9b81ccc15df1fdc7ea150b5f67f9a9c33a78d413428113644c2f271a
lesson-082,Pass,Pass,Pass,Pass,Approved,f22aad53e2327ecc8e5ca87465e07eab38bc102d00b9f1665b24a4160014ca78
lesson-083,Pass,Pass,Pass,Pass,Approved,68fe1e12c4e4966956d67de716b5b93f5337ad74e79d53bf236f5175bab4ea20
lesson-084,Pass,Pass,Pass,Pass,Approved,60c375daf259687a10a3e5722d653d85087cfb7112a87826a1820c3a8ae85d5e
lesson-085,Pass,Pass,Pass,Pass,Approved,79d5967d95ed7631fb836318a3bb7a473adad65d5c0057a05a070723efbe33a8
lesson-086,Pass,Pass,Pass,Pass,Approved,735b5dcd28950c4ffecde37dadd97802653c15f9fd017c799c532aca0a39e855
lesson-087,Pass,Pass,Pass,Pass,Approved,d312914c2718a7950480276c74c52cce6cf7eea551b59f020268ff24a7feac41
lesson-088,Pass,Pass,Pass,Pass,Approved,39c847310800e76347a2014d9fe560ccb2eab12456edfd5345b0e32d98160a50
lesson-089,Pass,Pass,Pass,Pass,Approved,ea22c56baf42c5fda55e7c1f6bb546a0eda3e1e8661c8bb1c4b1f9b72c74bd0c
lesson-090,Pass,Pass,Pass,Pass,Approved,680f1d1fe5ec67ec6744f6d3c50152d09d9fbeed62b2599314eb7938de1699a4
lesson-091,Pass,Pass,Pass,Pass,Approved,9c8edb2e27923f3360597264f414af309106f1db4d8243145f2d4efc48150ac9
lesson-092,Pass,Pass,Pass,Pass,Approved,a362b6c071c591295d0f09726be14a5e3b2a329a6988a7735761cdaa36729836
lesson-093,Pass,Pass,Pass,Pass,Approved,e3d9f3043f2db10c70e258d6e7d61d32d868f9b41bccb9d5e2fbc63647d6112d
lesson-094,Pass,Pass,Pass,Pass,Approved,41d68f8b999304b59689019d38a8117275850b0a952392447a594c530eef2204
lesson-095,Pass,Pass,Pass,Pass,Approved,5e12071753abef9860b3887cfd136d46d86756aa0a3e887c41d45cb2fbdd4d9b
lesson-096,Pass,Pass,Pass,Pass,Approved,50fa31302adfe55d84b20e48e2fab1f7ecc7f337c1c36da80467ea8704b68f5c
lesson-097,Pass,Pass,Pass,Pass,Approved,8978260e595d778636c7213a285ac09a15d42a4b2f7063de13d134760e290e28
lesson-098,Pass,Pass,Pass,Pass,Approved,ad169c380628ebc1a84e671b7a29e8a2ead082424634c827a567d87a99d84906
lesson-099,Pass,Pass,Pass,Pass,Approved,fe44ca908b1edff223e1a54faf5fef04e7ea4488e34dc7489eebc3f75bbb8190
lesson-100,Pass,Pass,Pass,Pass,Approved,1d50354e02c95dd0203d9b6a62cbadb50f95cf7f12fc7363c835848493dfe026
lesson-101,Pass,Pass,Pass,Pass,Approved,b5b7d218b34475ea5eec6751e7de1733761ee8c883f86964140f73981007765b
lesson-102,Pass,Pass,Pass,Pass,Approved,64d190b5f1fd91121375ab73ac4d56d64cdc41ee7560d31acfb0419c0cd96ea7
lesson-103,Pass,Pass,Pass,Pass,Approved,c442796e81a5021559ee83ee926bac8e9d907dc5708a364a1f939933e7224363
lesson-104,Pass,Pass,Pass,Pass,Approved,2299cce09d1e4e2465346336156576110cc3654c6656fa39762db7d8b35e5846
lesson-105,Pass,Pass,Pass,Pass,Approved,4269df19470088a70b1f9ea5153701eb7c3334003b1540229b60b7a20e0ff6a0
lesson-106,Pass,Pass,Pass,Pass,Approved,d92d084f079b322d27d6f94401b0fc6cfe3531ec5913fa87aa891ffb4df5c49c
lesson-107,Pass,Pass,Pass,Pass,Approved,44f79ea1339f5cda46c25aac5b222705247bce8503eb66bd3d423d11e3358eb9
lesson-108,Pass,Pass,Pass,Pass,Approved,d550f1f2b25701534886110f2d727f8b16e19e0ac338f8e18ea9e0a8955279d5
lesson-109,Pass,Pass,Pass,Pass,Approved,835c0b5d5450f8a46adece5cd67857f425185478035cf3348de79ef3b54e0eac
lesson-110,Pass,Pass,Pass,Pass,Approved,93c979c8c58b72d1bb2d332165658253d12965a20a9c453b9cb3fe678f74d2d8
lesson-111,Pass,Pass,Pass,Pass,Approved,66441c0894cd14c85660410a191789838fe85b74024eadd3cc41e19f8aaf6722
lesson-112,Pass,Pass,Pass,Pass,Approved,66a1012befc90cccea0dfbbdcd597b08869c0721723f9b93add17852b40ea7d4
lesson-113,Pass,Pass,Pass,Pass,Approved,6950477b841b41c800ba8011df4ab117bf43da09c61aadb9990c98f849c05424
lesson-114,Pass,Pass,Pass,Pass,Approved,b463704c5e976dace2bd1949c76de37255a56bfe41f250ef2aea5a1eae873036
lesson-115,Pass,Pass,Pass,Pass,Approved,e5b800f461425ed85684c9414c90f32ed85b4d810550dc683293ee8b3ab7136a
lesson-116,Pass,Pass,Pass,Pass,Approved,b2b3d1c02332ac2be16ce6c9ad2b2e4184a538513b852f3ab8d4f7d3ad98f3da
lesson-117,Pass,Pass,Pass,Pass,Approved,5fa6f88033bcb78dcc61b669fd58bac71c45b3ad0dcf4cfc799d5205636db397
lesson-118,Pass,Pass,Pass,Pass,Approved,20e5a5a109530d8c00f26ea0e5c0765065228cd6d724d73682b263841ac9f22f
lesson-119,Pass,Pass,Pass,Pass,Approved,e1c53ed740380f736a09c9aa49fcdbebfe324a2b258ff687aa5bbd7a63a37197
lesson-120,Pass,Pass,Pass,Pass,Approved,8c7aa11e83c0fb53b465bef0ae72c7c24aaa09a2b03cabfd3662c2a5922975ea
lesson-121,Pass,Pass,Pass,Pass,Approved,9474ab1b3a84dba8f120bceb26082591185705cbe74f01446bfb9316031b7df2
lesson-122,Pass,Pass,Pass,Pass,Approved,40e09ffc5a63fcc07caff93fdb1465abae1b923c4a8267cebeddadd1671569a3
lesson-123,Pass,Pass,Pass,Pass,Approved,2073e06e1a7043e07abc45a2345af062a0cf74fe7909f7aec7f7d446f611d2de
lesson-124,Pass,Pass,Pass,Pass,Approved,23dc6ed043fe7fa39b04fe414913b874e19ab7e68f2d178169ec1b8f14a24133
lesson-125,Pass,Pass,Pass,Pass,Approved,b9924665e435f5ada55889dca2205ae462d902e43cf68926f8b46ed066b11e13
lesson-126,Pass,Pass,Pass,Pass,Approved,7858aaa84c207fb63fa9ed6b2ec3e30fd8bed4bceb0a7a23843f999583583931
lesson-127,Pass,Pass,Pass,Pass,Approved,cee992f3bbed27e412ed6ff29c03856833ade93d4f009b4740890cfe29e1f008
lesson-128,Pass,Pass,Pass,Pass,Approved,f444914673baf5590512a855e8b77512cc2ffcd5bb48b2cac92e9620cb230ccb
lesson-129,Pass,Pass,Pass,Pass,Approved,79defb1d6c0fed221d48fdeee4d5fa43908adeab8582baa0dc510336d2f5104a
lesson-130,Pass,Pass,Pass,Pass,Approved,6be4baee91eb3722a37b63850273983f80f32dfdf637b0e90e8d08d572177cc8
lesson-131,Pass,Pass,Pass,Pass,Approved,839ec82e9db324c4e02979a73b1d1c8e65d057e08b61155249da517e81a2a24a
lesson-132,Pass,Pass,Pass,Pass,Approved,2a6bbcba9eb8d3688179ebfe57d3f2b437b61fd19c0e222bfdcf39dc92c848f7
lesson-133,Pass,Pass,Pass,Pass,Approved,507ebb3cb705739e26389a62a5bd215d2ac4cfc0f0eec619af68160ccec17a11
lesson-134,Pass,Pass,Pass,Pass,Approved,022f395aec029807d5eeaca3974e5b162cd5c9593a23f1bf8852245353ea69f5
lesson-135,Pass,Pass,Pass,Pass,Approved,27b1d94fb78dfd0c9995d9fd8605b93478be39db780e75e2abda23d6451e5c5e
lesson-136,Pass,Pass,Pass,Pass,Approved,54d3023cf7b3209e804e903e73349889b9e9d3b727020d90dacca907bc17fedf
lesson-137,Pass,Pass,Pass,Pass,Approved,67efd868a1aac201103cc8294c76f002cb7635dff4c3a1345175390227ada6fe
lesson-138,Pass,Pass,Pass,Pass,Approved,f226f4c988024029173767abfd40b38e955a883f89b11a0eebb47918c9da70df
lesson-139,Pass,Pass,Pass,Pass,Approved,be173e4e5dff9015754827d6714256cbc03d4f44576a62a1a2ff4ea932d4d92a
lesson-140,Pass,Pass,Pass,Pass,Approved,0be32453c72d49514a8946539bad8a0c4e0c64145a680497f21ae693d0ccc9d4
lesson-141,Pass,Pass,Pass,Pass,Approved,3a0bf4cdb2ece68254e1a181ab17f66778e3a69d02e36c66656f07ec0a7b8090
lesson-142,Pass,Pass,Pass,Pass,Approved,31507486108bbdd203721f39f40b203f9edf12ad3a0a6c9c06f06346ecddc698
lesson-143,Pass,Pass,Pass,Pass,Approved,a4241984101d555e25aef36fb65b180d1ebcb746dc9e59e9d9e426bdb888b288
lesson-144,Pass,Pass,Pass,Pass,Approved,2a6d6e687684395360725abab6d4efd12ee20a9af73c42da9d222e2d1ffb30ad
lesson-145,Pass,Pass,Pass,Pass,Approved,0e23f33d812a06c124711cf0eccf1f765652f7b2fd57446158c02360c88169c1
lesson-146,Pass,Pass,Pass,Pass,Approved,981bcc39bdf49a18c5c5c2e513cbc0e78b05cc956108ea5844fc395c93325e88
lesson-147,Pass,Pass,Pass,Pass,Approved,dedaa9451135a5b059ce75c9407f893bfafb17911a2a82d1a0203152ca03a2b7
lesson-148,Pass,Pass,Pass,Pass,Approved,31c46e2d9b8fe11bc7199b77eb317ed8ff2aa93579bb5bc7a44ba5981da31216
lesson-149,Pass,Pass,Pass,Pass,Approved,dadaa57b4b05efde7c6eff68dc7df35a3534988d7d6e1b55de50a5569d58953c
lesson-150,Pass,Pass,Pass,Pass,Approved,d5fcd871cd35ee7dc7b50faeb2f133df8e8227a7d8e1de8961b5bed3ba910699
